customer_id,plan,tenure_months,monthly_charges,total_charges,contract_type,payment_method,support_tickets,churned,churn_reason,region
CUST00001,Pro,55,253.0,14238.07,Monthly,Card,8,False,,APAC
CUST00002,Pro,38,44.12,1620.96,2-Year,Bank,14,False,,APAC
CUST00003,Enterprise,30,85.06,2451.28,2-Year,Invoice,13,False,,APAC
CUST00004,Basic,48,283.23,13540.78,2-Year,Card,6,True,Service,APAC
CUST00005,Basic,32,273.92,8434.31,2-Year,Invoice,5,False,,LATAM
CUST00006,Pro,52,294.39,15974.6,2-Year,Invoice,15,True,Features,EMEA
CUST00007,Enterprise,14,298.45,4486.7,Annual,Invoice,4,True,Competitor,LATAM
CUST00008,Enterprise,20,280.15,5952.39,Annual,Invoice,12,True,Competitor,EMEA
CUST00009,Pro,20,262.41,5304.26,2-Year,Card,8,False,,NA
CUST00010,Basic,31,96.57,3229.9,Annual,Invoice,12,True,Features,NA
CUST00011,Enterprise,56,21.64,1115.2,Monthly,Bank,14,False,,EMEA
CUST00012,Basic,16,266.63,4128.71,Annual,Invoice,6,True,Competitor,APAC
CUST00013,Enterprise,51,104.63,5373.61,2-Year,Bank,0,True,Price,APAC
CUST00014,Basic,42,120.97,5181.64,Monthly,Bank,4,True,Features,NA
CUST00015,Enterprise,70,295.96,21061.9,Monthly,Bank,10,False,,EMEA
CUST00016,Basic,8,112.19,877.67,Monthly,Card,1,False,,NA
CUST00017,Basic,15,206.82,3299.59,Annual,Card,13,False,,NA
CUST00018,Pro,59,73.91,4768.8,2-Year,Invoice,2,True,Service,NA
CUST00019,Enterprise,30,20.34,611.66,2-Year,Card,9,False,,LATAM
CUST00020,Enterprise,7,233.97,1742.58,Annual,Bank,4,False,,EMEA
CUST00021,Pro,28,40.6,1143.44,Annual,Invoice,14,True,Service,LATAM
CUST00022,Basic,47,291.44,13987.82,Monthly,Card,4,False,,EMEA
CUST00023,Enterprise,3,134.98,423.34,Annual,Bank,3,False,,LATAM
CUST00024,Enterprise,50,37.68,1779.76,Monthly,Card,6,False,,LATAM
CUST00025,Pro,34,234.08,8129.91,Annual,Invoice,6,False,,APAC
CUST00026,Pro,9,135.87,1104.2,Monthly,Card,7,False,,NA
CUST00027,Basic,30,204.4,6485.69,2-Year,Card,12,False,,LATAM
CUST00028,Basic,14,68.95,957.79,Annual,Invoice,10,False,,EMEA
CUST00029,Pro,24,107.65,2718.78,Annual,Bank,8,False,,EMEA
CUST00030,Pro,55,234.69,12926.78,Monthly,Card,9,False,,EMEA
CUST00031,Enterprise,29,32.97,995.82,Monthly,Bank,15,True,Features,NA
CUST00032,Enterprise,43,108.83,4829.37,2-Year,Card,12,False,,EMEA
CUST00033,Basic,62,168.58,9765.75,Annual,Invoice,3,False,,EMEA
CUST00034,Pro,3,219.71,718.94,Annual,Card,3,True,Features,EMEA
CUST00035,Basic,51,130.68,6251.82,2-Year,Bank,2,True,Support,NA
CUST00036,Enterprise,23,194.3,4548.84,Annual,Bank,7,False,,LATAM
CUST00037,Pro,26,188.46,5245.62,Annual,Bank,2,False,,EMEA
CUST00038,Basic,33,221.55,6687.49,Annual,Invoice,6,True,Features,LATAM
CUST00039,Basic,2,81.16,177.3,Annual,Invoice,14,False,,LATAM
CUST00040,Enterprise,14,48.95,656.75,Monthly,Card,6,False,,NA
CUST00041,Basic,2,172.05,311.9,2-Year,Invoice,4,False,,EMEA
CUST00042,Enterprise,33,298.38,9780.25,Monthly,Card,1,False,,LATAM
CUST00043,Enterprise,67,166.93,11053.18,2-Year,Bank,11,True,Competitor,APAC
CUST00044,Basic,20,71.49,1305.14,Annual,Card,9,False,,EMEA
CUST00045,Basic,70,151.59,10477.29,2-Year,Card,15,False,,LATAM
CUST00046,Basic,27,196.18,5428.97,2-Year,Bank,11,False,,APAC
CUST00047,Pro,12,211.64,2735.24,Monthly,Invoice,3,True,Support,APAC
CUST00048,Basic,69,235.2,15999.24,Monthly,Card,1,False,,NA
CUST00049,Basic,27,137.14,3428.04,Annual,Card,4,False,,EMEA
CUST00050,Pro,1,217.51,225.46,2-Year,Bank,6,True,Features,APAC
CUST00051,Enterprise,27,180.81,4531.88,2-Year,Card,3,False,,LATAM
CUST00052,Pro,51,81.91,4271.16,2-Year,Bank,9,False,,NA
CUST00053,Pro,32,77.78,2378.67,Annual,Card,0,True,Features,NA
CUST00054,Basic,56,129.47,6569.7,2-Year,Bank,9,False,,APAC
CUST00055,Enterprise,71,27.69,1806.74,Annual,Bank,4,False,,LATAM
CUST00056,Pro,22,164.4,3324.48,Annual,Card,10,False,,NA
CUST00057,Pro,53,192.28,9372.95,2-Year,Card,3,False,,APAC
CUST00058,Enterprise,21,218.34,4350.88,Monthly,Card,1,False,,APAC
CUST00059,Pro,65,254.49,17031.23,2-Year,Bank,7,True,Competitor,APAC
CUST00060,Pro,8,287.3,2297.0,Annual,Card,10,False,,EMEA
CUST00061,Basic,47,33.08,1683.69,Monthly,Bank,10,True,Support,LATAM
CUST00062,Enterprise,24,149.64,3618.87,Annual,Card,7,False,,NA
CUST00063,Basic,57,97.38,5017.65,Annual,Invoice,0,False,,LATAM
CUST00064,Pro,16,254.3,4334.75,Monthly,Card,7,False,,APAC
CUST00065,Enterprise,43,288.69,12986.78,2-Year,Card,1,False,,APAC
CUST00066,Pro,46,177.79,8171.68,2-Year,Card,3,False,,EMEA
CUST00067,Basic,58,297.04,15568.62,Annual,Bank,14,False,,LATAM
CUST00068,Enterprise,19,143.8,2515.85,Annual,Card,11,True,Support,LATAM
CUST00069,Pro,5,243.44,1255.98,Monthly,Card,3,True,Service,EMEA
CUST00070,Pro,49,218.61,9770.93,2-Year,Card,8,False,,LATAM
CUST00071,Enterprise,56,210.61,11812.06,2-Year,Invoice,7,True,Price,LATAM
CUST00072,Basic,36,129.32,4886.16,2-Year,Invoice,15,True,Support,EMEA
CUST00073,Pro,60,49.44,3082.64,Monthly,Card,6,False,,LATAM
CUST00074,Basic,70,266.94,18735.74,2-Year,Invoice,12,False,,NA
CUST00075,Basic,70,236.43,18103.01,Annual,Bank,7,True,Price,NA
CUST00076,Pro,1,151.67,155.17,2-Year,Invoice,9,False,,APAC
CUST00077,Enterprise,41,149.52,5827.05,Annual,Bank,3,False,,NA
CUST00078,Basic,58,132.84,8080.43,Monthly,Bank,10,False,,APAC
CUST00079,Pro,30,103.36,3406.86,Monthly,Invoice,12,False,,NA
CUST00080,Enterprise,34,89.86,2877.61,2-Year,Invoice,10,False,,NA
CUST00081,Enterprise,60,247.46,16231.77,Annual,Invoice,10,False,,LATAM
CUST00082,Pro,65,231.77,14552.43,2-Year,Invoice,2,False,,LATAM
CUST00083,Basic,62,167.35,11394.56,2-Year,Card,15,False,,EMEA
CUST00084,Basic,8,298.9,2537.72,Annual,Bank,12,False,,NA
CUST00085,Enterprise,25,108.56,2444.02,2-Year,Invoice,6,True,Features,EMEA
CUST00086,Enterprise,20,73.41,1415.8,Monthly,Card,6,False,,LATAM
CUST00087,Enterprise,44,56.37,2612.15,2-Year,Card,7,False,,NA
CUST00088,Pro,18,280.32,4859.13,Monthly,Bank,7,False,,APAC
CUST00089,Pro,43,246.48,9869.19,2-Year,Invoice,1,False,,EMEA
CUST00090,Pro,18,291.2,5228.29,Annual,Bank,10,True,Price,EMEA
CUST00091,Pro,46,107.91,5447.04,Monthly,Card,1,False,,NA
CUST00092,Basic,53,51.79,2699.91,Annual,Bank,11,True,Support,APAC
CUST00093,Basic,61,243.77,13703.49,2-Year,Card,2,True,Service,LATAM
CUST00094,Pro,2,255.97,536.0,Monthly,Card,5,False,,EMEA
CUST00095,Enterprise,70,201.75,12784.86,Annual,Bank,9,False,,LATAM
CUST00096,Basic,72,214.59,16800.26,Annual,Bank,10,True,Competitor,APAC
CUST00097,Enterprise,7,55.3,374.16,Monthly,Bank,15,False,,LATAM
CUST00098,Basic,69,189.6,12381.41,Monthly,Bank,13,False,,EMEA
CUST00099,Basic,8,93.6,678.3,Monthly,Invoice,7,False,,LATAM
CUST00100,Basic,49,221.84,11844.21,Annual,Invoice,0,False,,EMEA
CUST00101,Pro,24,61.91,1619.24,2-Year,Card,12,False,,NA
CUST00102,Enterprise,59,236.51,15178.01,Annual,Card,2,True,Competitor,NA
CUST00103,Basic,23,30.83,674.04,2-Year,Card,14,True,Features,LATAM
CUST00104,Enterprise,21,275.46,5291.67,2-Year,Card,7,False,,EMEA
CUST00105,Pro,10,227.38,2402.59,2-Year,Card,3,True,Price,APAC
CUST00106,Basic,29,26.97,847.77,Monthly,Card,4,True,Service,EMEA
CUST00107,Pro,60,144.45,9151.32,Annual,Bank,10,False,,LATAM
CUST00108,Basic,70,169.93,12824.5,Monthly,Card,12,False,,EMEA
CUST00109,Enterprise,20,64.46,1352.96,Monthly,Card,5,False,,LATAM
CUST00110,Pro,71,34.84,2574.41,Annual,Invoice,10,False,,EMEA
CUST00111,Enterprise,35,157.5,5420.94,2-Year,Card,13,True,Competitor,LATAM
CUST00112,Pro,20,214.54,4013.51,Annual,Card,14,True,Support,LATAM
CUST00113,Enterprise,33,151.4,4757.25,Annual,Card,8,False,,LATAM
CUST00114,Basic,41,153.99,6937.38,Monthly,Card,14,False,,EMEA
CUST00115,Basic,70,105.77,7841.57,Monthly,Invoice,4,False,,LATAM
CUST00116,Pro,10,218.08,2014.85,Monthly,Card,10,False,,EMEA
CUST00117,Pro,64,40.87,2371.52,Annual,Invoice,12,False,,NA
CUST00118,Enterprise,26,40.8,1039.89,Annual,Bank,11,False,,NA
CUST00119,Basic,19,150.54,3077.71,Annual,Card,11,False,,EMEA
CUST00120,Pro,48,208.23,10578.36,Monthly,Invoice,2,False,,APAC
CUST00121,Enterprise,72,25.52,1697.24,Monthly,Invoice,12,False,,LATAM
CUST00122,Pro,14,122.77,1769.95,2-Year,Card,15,True,Competitor,NA
CUST00123,Enterprise,37,83.3,3130.79,2-Year,Bank,12,False,,LATAM
CUST00124,Basic,20,201.47,4166.15,Annual,Card,2,False,,NA
CUST00125,Basic,1,34.35,34.33,2-Year,Bank,0,False,,EMEA
CUST00126,Enterprise,2,124.22,237.96,Annual,Card,7,True,Support,EMEA
CUST00127,Basic,5,42.93,219.81,Annual,Bank,15,False,,APAC
CUST00128,Pro,59,208.84,12666.57,2-Year,Bank,10,False,,LATAM
CUST00129,Pro,40,91.23,3394.74,2-Year,Invoice,8,False,,EMEA
CUST00130,Basic,8,98.76,766.25,2-Year,Card,14,False,,APAC
CUST00131,Pro,6,283.52,1562.62,Monthly,Card,14,False,,EMEA
CUST00132,Pro,57,241.04,14403.05,2-Year,Invoice,14,False,,LATAM
CUST00133,Pro,69,52.26,3798.59,Monthly,Invoice,10,False,,APAC
CUST00134,Pro,64,234.71,14424.12,2-Year,Card,11,False,,APAC
CUST00135,Pro,51,164.54,8539.62,Monthly,Invoice,1,True,Service,APAC
CUST00136,Basic,65,132.21,8892.43,Annual,Bank,8,False,,APAC
CUST00137,Pro,4,178.18,671.25,Annual,Bank,7,False,,APAC
CUST00138,Basic,19,292.72,5113.6,Monthly,Card,1,False,,APAC
CUST00139,Enterprise,10,289.4,2850.18,2-Year,Invoice,10,True,Support,EMEA
CUST00140,Enterprise,22,41.38,894.35,2-Year,Invoice,6,False,,NA
CUST00141,Pro,59,222.5,13634.69,2-Year,Card,1,True,Service,EMEA
CUST00142,Pro,54,94.12,5247.86,Monthly,Card,10,False,,APAC
CUST00143,Enterprise,38,173.06,6598.69,Annual,Invoice,3,True,Support,EMEA
CUST00144,Pro,9,259.08,2551.71,Annual,Invoice,8,False,,LATAM
CUST00145,Enterprise,40,128.25,4871.35,Annual,Card,15,False,,APAC
CUST00146,Basic,61,296.27,17213.13,Monthly,Bank,5,False,,LATAM
CUST00147,Pro,44,169.89,7924.58,2-Year,Card,13,False,,LATAM
CUST00148,Enterprise,55,193.51,10895.63,2-Year,Invoice,14,False,,LATAM
CUST00149,Pro,43,102.09,4726.55,Annual,Card,7,False,,APAC
CUST00150,Basic,1,52.35,54.67,2-Year,Invoice,6,False,,LATAM
CUST00151,Pro,1,213.55,199.97,Annual,Bank,2,False,,EMEA
CUST00152,Enterprise,33,125.53,3750.79,Monthly,Bank,9,True,Competitor,LATAM
CUST00153,Pro,32,138.14,4338.37,Monthly,Bank,13,False,,LATAM
CUST00154,Basic,18,217.47,4202.42,Monthly,Bank,0,False,,LATAM
CUST00155,Pro,43,191.72,9015.27,Monthly,Bank,1,False,,EMEA
CUST00156,Basic,17,145.86,2354.68,Monthly,Bank,5,False,,LATAM
CUST00157,Basic,9,170.33,1466.83,Annual,Bank,13,False,,EMEA
CUST00158,Enterprise,9,243.94,2009.5,2-Year,Invoice,0,True,Features,EMEA
CUST00159,Basic,72,273.14,21263.64,Annual,Card,10,False,,APAC
CUST00160,Enterprise,45,194.32,8571.86,Monthly,Bank,13,False,,APAC
CUST00161,Basic,38,42.37,1651.43,2-Year,Invoice,5,False,,APAC
CUST00162,Enterprise,18,41.29,746.69,2-Year,Bank,13,True,Support,NA
CUST00163,Pro,41,253.57,10582.12,2-Year,Invoice,9,False,,EMEA
CUST00164,Enterprise,69,160.42,11823.22,Annual,Bank,1,True,Competitor,EMEA
CUST00165,Enterprise,6,87.91,492.39,2-Year,Invoice,14,False,,NA
CUST00166,Basic,22,78.69,1630.07,Annual,Bank,13,True,Competitor,EMEA
CUST00167,Enterprise,57,280.25,15620.26,Annual,Invoice,10,False,,EMEA
CUST00168,Pro,61,60.33,4034.57,2-Year,Card,4,False,,NA
CUST00169,Enterprise,65,298.3,18328.88,Annual,Bank,2,False,,NA
CUST00170,Basic,53,70.96,3584.84,2-Year,Bank,11,False,,LATAM
CUST00171,Basic,32,115.79,4041.75,Monthly,Bank,15,False,,NA
CUST00172,Enterprise,8,91.31,709.51,2-Year,Bank,6,True,Price,EMEA
CUST00173,Basic,60,81.78,4583.16,Annual,Bank,0,False,,APAC
CUST00174,Enterprise,21,240.82,5533.57,Annual,Bank,10,True,Competitor,LATAM
CUST00175,Enterprise,67,189.02,11962.56,2-Year,Bank,14,False,,NA
CUST00176,Enterprise,38,49.19,1883.22,Monthly,Bank,13,False,,APAC
CUST00177,Enterprise,52,263.44,13400.17,Annual,Bank,0,False,,APAC
CUST00178,Pro,36,164.17,6201.05,Annual,Bank,7,False,,EMEA
CUST00179,Basic,24,219.27,5751.73,Monthly,Bank,10,False,,APAC
CUST00180,Basic,69,150.27,9353.68,Annual,Card,7,False,,APAC
CUST00181,Pro,41,183.15,8198.32,Annual,Bank,1,False,,LATAM
CUST00182,Pro,53,26.73,1333.48,Monthly,Card,1,False,,EMEA
CUST00183,Basic,32,181.26,5500.24,2-Year,Bank,2,True,Features,EMEA
CUST00184,Enterprise,70,82.68,5931.77,Annual,Invoice,2,False,,NA
CUST00185,Pro,70,208.62,15533.96,Monthly,Bank,8,False,,EMEA
CUST00186,Enterprise,42,133.04,5761.95,Annual,Card,14,True,Price,APAC
CUST00187,Enterprise,49,122.43,5840.8,2-Year,Invoice,9,False,,APAC
CUST00188,Enterprise,64,115.38,7193.59,Annual,Card,10,False,,APAC
CUST00189,Enterprise,31,212.73,6871.7,Monthly,Bank,3,False,,APAC
CUST00190,Pro,66,122.07,8697.24,2-Year,Card,11,False,,EMEA
CUST00191,Pro,41,56.67,2157.77,Monthly,Bank,5,False,,NA
CUST00192,Basic,51,202.03,10530.74,2-Year,Card,2,True,Competitor,APAC
CUST00193,Basic,63,102.71,5901.36,Monthly,Card,4,False,,LATAM
CUST00194,Pro,50,234.21,11013.68,2-Year,Invoice,4,False,,APAC
CUST00195,Enterprise,8,72.79,624.04,Monthly,Invoice,2,False,,EMEA
CUST00196,Enterprise,37,265.85,10234.3,2-Year,Card,13,False,,EMEA
CUST00197,Basic,38,200.32,7727.67,Monthly,Card,2,False,,NA
CUST00198,Pro,47,221.16,10349.19,Annual,Invoice,1,False,,NA
CUST00199,Pro,37,279.02,9474.18,2-Year,Card,4,False,,APAC
CUST00200,Enterprise,39,133.86,4789.28,Monthly,Card,9,True,Service,APAC
CUST00201,Basic,65,218.81,13410.08,2-Year,Invoice,13,False,,EMEA
CUST00202,Basic,60,139.71,8371.82,Annual,Card,3,False,,NA
CUST00203,Basic,20,27.26,586.95,2-Year,Card,2,True,Service,NA
CUST00204,Enterprise,12,101.2,1101.31,2-Year,Invoice,1,False,,NA
CUST00205,Pro,49,209.68,9571.11,Monthly,Invoice,3,False,,NA
CUST00206,Basic,66,63.14,4018.0,2-Year,Invoice,6,False,,NA
CUST00207,Pro,57,288.55,17700.64,2-Year,Bank,15,True,Price,APAC
CUST00208,Enterprise,9,275.16,2336.6,2-Year,Invoice,2,True,Support,NA
CUST00209,Basic,65,242.09,15172.69,Monthly,Card,7,False,,EMEA
CUST00210,Basic,21,26.42,529.57,Annual,Invoice,11,False,,LATAM
CUST00211,Enterprise,4,288.28,1147.3,Annual,Bank,1,True,Features,LATAM
CUST00212,Enterprise,45,230.32,11109.94,Annual,Card,7,True,Price,LATAM
CUST00213,Basic,27,52.95,1476.01,2-Year,Invoice,2,True,Price,NA
CUST00214,Pro,41,235.75,10587.0,Monthly,Card,12,False,,EMEA
CUST00215,Basic,8,138.87,1002.9,2-Year,Invoice,8,False,,LATAM
CUST00216,Enterprise,51,131.22,6206.26,Monthly,Card,14,False,,NA
CUST00217,Pro,4,158.08,635.22,Monthly,Card,15,False,,NA
CUST00218,Basic,36,203.67,6965.0,Monthly,Bank,6,False,,NA
CUST00219,Pro,52,114.54,5709.68,2-Year,Invoice,6,False,,EMEA
CUST00220,Basic,32,151.07,5163.67,Annual,Card,4,False,,APAC
CUST00221,Pro,70,254.77,18013.7,Annual,Invoice,8,True,Competitor,APAC
CUST00222,Enterprise,15,79.24,1296.72,Monthly,Card,9,False,,EMEA
CUST00223,Basic,31,139.94,4379.62,Annual,Card,12,False,,EMEA
CUST00224,Basic,19,286.8,5185.57,Monthly,Bank,8,False,,LATAM
CUST00225,Pro,47,165.29,7795.45,2-Year,Bank,8,False,,NA
CUST00226,Basic,51,84.65,3918.76,Monthly,Card,14,False,,APAC
CUST00227,Pro,45,269.27,11873.92,Monthly,Bank,11,False,,APAC
CUST00228,Pro,1,163.6,155.52,Monthly,Bank,14,True,Service,NA
CUST00229,Basic,40,219.17,8017.57,2-Year,Bank,3,False,,NA
CUST00230,Basic,40,128.28,5518.55,Monthly,Card,5,True,Features,NA
CUST00231,Pro,43,115.67,4853.53,Annual,Bank,5,False,,LATAM
CUST00232,Pro,65,291.54,20560.48,Monthly,Bank,14,False,,NA
CUST00233,Enterprise,35,245.95,8216.9,2-Year,Bank,8,True,Competitor,APAC
CUST00234,Basic,53,240.62,14008.96,Monthly,Card,13,True,Service,EMEA
CUST00235,Enterprise,64,237.12,14800.56,2-Year,Bank,8,False,,EMEA
CUST00236,Pro,13,202.46,2760.29,Monthly,Bank,7,False,,APAC
CUST00237,Enterprise,8,283.84,2330.2,Monthly,Invoice,6,False,,APAC
CUST00238,Basic,4,238.65,936.73,Annual,Card,3,False,,NA
CUST00239,Pro,25,135.32,3623.96,Monthly,Card,8,False,,APAC
CUST00240,Pro,72,96.16,7356.87,Monthly,Card,13,False,,EMEA
CUST00241,Enterprise,63,279.83,17898.67,2-Year,Card,9,False,,EMEA
CUST00242,Pro,46,91.42,4144.55,Annual,Bank,4,False,,NA
CUST00243,Pro,61,255.92,16687.48,Monthly,Bank,10,False,,EMEA
CUST00244,Pro,65,22.17,1575.6,2-Year,Invoice,2,True,Features,EMEA
CUST00245,Pro,35,105.69,3844.98,Annual,Invoice,5,False,,EMEA
CUST00246,Enterprise,41,208.76,8067.62,Monthly,Card,13,False,,APAC
CUST00247,Enterprise,66,189.69,13660.19,Monthly,Card,2,False,,LATAM
CUST00248,Basic,2,150.23,277.95,2-Year,Invoice,9,False,,APAC
CUST00249,Enterprise,58,133.41,7334.5,Annual,Invoice,9,True,Support,APAC
CUST00250,Basic,12,215.68,2653.13,2-Year,Card,10,False,,APAC
CUST00251,Enterprise,20,240.41,4521.62,Monthly,Bank,5,False,,LATAM
CUST00252,Enterprise,46,260.64,13172.91,Monthly,Invoice,6,False,,NA
CUST00253,Pro,18,136.08,2516.66,2-Year,Bank,3,False,,NA
CUST00254,Enterprise,44,164.94,7589.67,Monthly,Invoice,14,True,Price,APAC
CUST00255,Pro,10,281.06,2938.61,Monthly,Card,13,False,,NA
CUST00256,Pro,10,104.2,1017.37,2-Year,Card,3,False,,EMEA
CUST00257,Pro,8,232.31,1736.74,Annual,Bank,6,False,,APAC
CUST00258,Enterprise,24,87.53,2093.52,Annual,Invoice,15,False,,LATAM
CUST00259,Basic,1,35.82,36.77,Annual,Card,5,False,,APAC
CUST00260,Enterprise,13,63.91,875.84,Monthly,Invoice,5,False,,EMEA
CUST00261,Basic,52,155.26,8258.41,2-Year,Bank,13,False,,NA
CUST00262,Enterprise,19,171.52,3482.82,2-Year,Card,11,False,,LATAM
CUST00263,Enterprise,9,134.76,1220.02,Monthly,Invoice,0,False,,NA
CUST00264,Basic,25,211.2,5630.56,2-Year,Invoice,0,False,,LATAM
CUST00265,Basic,6,247.01,1490.28,2-Year,Invoice,13,False,,LATAM
CUST00266,Enterprise,29,65.98,1735.52,2-Year,Card,8,False,,APAC
CUST00267,Pro,20,208.27,4350.79,2-Year,Bank,13,False,,EMEA
CUST00268,Pro,53,117.33,6433.9,Annual,Bank,12,False,,APAC
CUST00269,Pro,57,57.3,3381.71,Monthly,Invoice,5,False,,NA
CUST00270,Pro,58,299.42,17635.17,Monthly,Card,6,False,,APAC
CUST00271,Basic,43,234.12,9434.75,Monthly,Bank,7,False,,NA
CUST00272,Enterprise,28,55.0,1679.23,Annual,Bank,5,False,,APAC
CUST00273,Enterprise,57,82.35,4937.04,Annual,Bank,1,True,Features,EMEA
CUST00274,Basic,43,44.23,1957.92,Annual,Bank,12,False,,LATAM
CUST00275,Enterprise,48,54.21,2446.01,2-Year,Invoice,0,False,,NA
CUST00276,Pro,46,255.36,12271.23,Annual,Invoice,6,False,,EMEA
CUST00277,Pro,18,157.92,2631.94,2-Year,Bank,12,True,Service,EMEA
CUST00278,Basic,60,59.15,3547.08,Monthly,Card,10,False,,EMEA
CUST00279,Enterprise,14,29.9,416.22,2-Year,Invoice,1,False,,NA
CUST00280,Enterprise,70,214.02,14105.34,Monthly,Card,14,False,,NA
CUST00281,Basic,35,75.3,2731.85,2-Year,Invoice,6,True,Support,APAC
CUST00282,Basic,47,131.61,5725.31,2-Year,Bank,0,False,,APAC
CUST00283,Enterprise,60,81.35,5174.78,2-Year,Invoice,11,True,Price,LATAM
CUST00284,Basic,54,179.98,10484.08,2-Year,Invoice,12,False,,APAC
CUST00285,Pro,48,256.36,12866.17,2-Year,Card,3,False,,APAC
CUST00286,Basic,63,206.39,12907.83,2-Year,Card,13,False,,APAC
CUST00287,Enterprise,4,110.5,470.63,Monthly,Invoice,13,False,,APAC
CUST00288,Enterprise,27,93.66,2777.68,Monthly,Invoice,1,False,,EMEA
CUST00289,Enterprise,59,191.81,11706.38,Monthly,Invoice,6,False,,NA
CUST00290,Enterprise,48,26.4,1269.69,2-Year,Invoice,13,True,Competitor,APAC
CUST00291,Basic,11,210.66,2239.22,Annual,Bank,13,False,,LATAM
CUST00292,Pro,5,132.92,663.83,Annual,Card,9,False,,LATAM
CUST00293,Enterprise,32,59.85,1959.49,2-Year,Card,7,False,,APAC
CUST00294,Pro,24,106.92,2396.15,Monthly,Bank,11,False,,LATAM
CUST00295,Basic,31,274.11,8621.07,Annual,Card,8,False,,APAC
CUST00296,Pro,37,22.02,785.47,2-Year,Bank,13,False,,APAC
CUST00297,Basic,56,238.03,12195.29,Monthly,Invoice,15,False,,EMEA
CUST00298,Basic,5,35.0,158.05,Monthly,Invoice,14,False,,EMEA
CUST00299,Enterprise,49,208.01,11156.65,Annual,Invoice,12,True,Features,EMEA
CUST00300,Pro,24,67.6,1758.07,Annual,Bank,6,False,,NA
CUST00301,Basic,55,206.91,11562.72,Monthly,Invoice,0,True,Competitor,LATAM
CUST00302,Enterprise,51,221.6,11171.33,2-Year,Card,13,False,,APAC
CUST00303,Enterprise,39,278.71,11710.07,2-Year,Invoice,6,False,,LATAM
CUST00304,Pro,66,120.07,7276.97,Annual,Card,0,False,,EMEA
CUST00305,Enterprise,64,47.08,3107.69,Annual,Invoice,3,False,,NA
CUST00306,Basic,37,118.02,4555.18,Annual,Bank,9,False,,APAC
CUST00307,Basic,64,241.98,15609.26,2-Year,Card,10,False,,EMEA
CUST00308,Pro,65,284.15,18059.69,Annual,Card,6,True,Features,APAC
CUST00309,Enterprise,58,143.91,8350.88,Annual,Bank,7,False,,APAC
CUST00310,Enterprise,46,32.15,1425.34,Monthly,Invoice,1,False,,LATAM
CUST00311,Basic,21,229.13,4373.94,2-Year,Invoice,12,True,Competitor,LATAM
CUST00312,Basic,22,94.26,2014.96,2-Year,Bank,10,True,Service,NA
CUST00313,Pro,24,249.67,5431.45,Monthly,Invoice,14,False,,NA
CUST00314,Pro,1,165.91,178.11,Annual,Invoice,9,True,Features,LATAM
CUST00315,Basic,1,273.32,257.57,Annual,Bank,14,False,,APAC
CUST00316,Basic,59,140.49,8549.3,Monthly,Bank,2,False,,EMEA
CUST00317,Basic,23,52.42,1260.4,2-Year,Bank,10,False,,APAC
CUST00318,Enterprise,71,240.82,18555.65,Monthly,Invoice,1,False,,NA
CUST00319,Basic,39,54.33,1998.03,Annual,Card,13,False,,LATAM
CUST00320,Pro,1,48.12,46.35,Monthly,Card,5,True,Support,APAC
CUST00321,Basic,62,74.05,5042.42,Monthly,Card,5,False,,APAC
CUST00322,Enterprise,46,259.72,10973.77,Annual,Invoice,1,True,Features,NA
CUST00323,Basic,38,190.12,6776.19,Annual,Invoice,11,False,,NA
CUST00324,Enterprise,46,114.09,5576.65,2-Year,Card,13,False,,LATAM
CUST00325,Pro,11,160.47,1615.77,Monthly,Invoice,0,False,,APAC
CUST00326,Basic,19,187.28,3737.1,2-Year,Invoice,11,True,Price,LATAM
CUST00327,Enterprise,13,188.05,2307.75,Monthly,Card,6,True,Competitor,APAC
CUST00328,Pro,21,289.28,5517.63,Monthly,Card,15,True,Price,LATAM
CUST00329,Pro,64,121.7,7250.59,Annual,Bank,0,False,,LATAM
CUST00330,Basic,52,49.74,2796.04,2-Year,Card,1,False,,EMEA
CUST00331,Pro,8,298.51,2599.76,Annual,Bank,15,False,,NA
CUST00332,Basic,22,50.85,1192.86,Monthly,Invoice,2,False,,NA
CUST00333,Basic,17,261.77,4783.67,2-Year,Invoice,7,False,,EMEA
CUST00334,Enterprise,8,70.99,568.83,Annual,Invoice,4,False,,NA
CUST00335,Pro,55,240.65,14072.23,Annual,Invoice,13,True,Support,NA
CUST00336,Enterprise,3,266.81,737.63,Annual,Invoice,1,False,,APAC
CUST00337,Basic,46,28.64,1222.84,Monthly,Card,13,True,Price,NA
CUST00338,Enterprise,52,240.09,13458.38,Monthly,Bank,8,False,,LATAM
CUST00339,Enterprise,6,265.4,1627.81,Monthly,Bank,1,False,,EMEA
CUST00340,Pro,35,138.96,4927.84,Annual,Card,12,False,,NA
CUST00341,Basic,43,252.02,10650.4,Monthly,Invoice,14,False,,APAC
CUST00342,Basic,44,131.54,6001.05,2-Year,Invoice,11,False,,NA
CUST00343,Pro,63,92.21,5319.13,Monthly,Invoice,0,False,,APAC
CUST00344,Enterprise,46,147.2,6694.09,Annual,Card,10,False,,EMEA
CUST00345,Pro,69,100.54,7082.69,2-Year,Bank,6,False,,NA
CUST00346,Pro,13,129.41,1680.77,2-Year,Invoice,12,False,,NA
CUST00347,Pro,61,296.98,19529.31,Annual,Invoice,0,False,,EMEA
CUST00348,Pro,50,56.25,2578.95,Annual,Bank,4,False,,LATAM
CUST00349,Enterprise,56,22.21,1249.26,Annual,Bank,13,True,Features,NA
CUST00350,Pro,16,130.83,2196.27,2-Year,Bank,1,False,,EMEA
CUST00351,Pro,9,271.12,2660.59,Monthly,Card,4,False,,APAC
CUST00352,Pro,19,96.58,1707.07,2-Year,Bank,1,False,,NA
CUST00353,Enterprise,67,109.89,7081.23,Annual,Card,14,False,,EMEA
CUST00354,Pro,14,121.35,1791.56,Monthly,Invoice,11,False,,EMEA
CUST00355,Enterprise,43,75.78,3010.26,Annual,Bank,13,True,Price,APAC
CUST00356,Basic,30,100.68,2795.0,2-Year,Invoice,3,True,Price,NA
CUST00357,Pro,19,277.98,5692.64,Monthly,Invoice,3,False,,APAC
CUST00358,Enterprise,10,98.69,1071.03,Annual,Invoice,7,True,Competitor,EMEA
CUST00359,Enterprise,60,265.27,14805.66,Annual,Card,4,False,,NA
CUST00360,Basic,15,139.58,1923.16,Annual,Invoice,2,False,,NA
CUST00361,Enterprise,2,288.83,564.13,Annual,Card,13,False,,APAC
CUST00362,Pro,60,165.41,10541.45,2-Year,Bank,11,False,,LATAM
CUST00363,Pro,58,292.27,18195.38,Annual,Card,9,False,,EMEA
CUST00364,Enterprise,26,229.72,5553.55,Annual,Bank,5,False,,EMEA
CUST00365,Pro,42,76.73,3525.59,2-Year,Invoice,5,True,Support,NA
CUST00366,Pro,43,32.9,1376.65,2-Year,Invoice,5,True,Support,LATAM
CUST00367,Pro,21,21.99,459.28,Annual,Bank,1,True,Support,EMEA
CUST00368,Pro,70,172.87,12601.32,2-Year,Bank,2,False,,EMEA
CUST00369,Basic,8,195.22,1619.24,Monthly,Invoice,12,False,,APAC
CUST00370,Enterprise,25,48.76,1130.32,Monthly,Card,1,False,,LATAM
CUST00371,Pro,38,219.32,8818.13,Annual,Card,0,False,,NA
CUST00372,Pro,2,245.48,476.77,2-Year,Invoice,12,True,Competitor,APAC
CUST00373,Basic,60,107.33,5884.85,2-Year,Bank,3,False,,NA
CUST00374,Pro,47,83.5,4148.58,Annual,Card,13,False,,LATAM
CUST00375,Enterprise,4,45.83,172.54,2-Year,Bank,7,False,,APAC
CUST00376,Enterprise,39,187.93,7639.21,2-Year,Bank,13,False,,NA
CUST00377,Pro,68,166.58,11354.03,Monthly,Invoice,4,True,Price,APAC
CUST00378,Pro,20,159.76,3155.01,Monthly,Invoice,4,True,Features,APAC
CUST00379,Basic,6,286.72,1603.4,Monthly,Card,10,True,Competitor,NA
CUST00380,Enterprise,57,23.86,1256.02,Annual,Invoice,6,False,,LATAM
CUST00381,Enterprise,72,149.73,11553.53,Annual,Card,14,False,,NA
CUST00382,Pro,29,132.75,3774.46,Monthly,Invoice,14,False,,LATAM
CUST00383,Basic,18,65.38,1087.43,Monthly,Invoice,4,False,,NA
CUST00384,Enterprise,28,260.44,6803.78,2-Year,Bank,14,False,,EMEA
CUST00385,Enterprise,55,93.2,4824.58,Monthly,Bank,11,False,,LATAM
CUST00386,Pro,22,205.43,4429.87,Annual,Card,8,True,Support,APAC
CUST00387,Enterprise,30,46.46,1509.25,Monthly,Bank,8,True,Support,NA
CUST00388,Pro,15,290.64,4230.11,Monthly,Bank,5,False,,NA
CUST00389,Pro,4,264.42,1069.81,Monthly,Bank,0,False,,APAC
CUST00390,Pro,72,218.89,14979.7,2-Year,Card,2,False,,LATAM
CUST00391,Enterprise,44,182.23,8795.66,2-Year,Invoice,11,False,,APAC
CUST00392,Enterprise,22,40.51,936.62,Monthly,Card,13,True,Service,LATAM
CUST00393,Pro,44,181.34,7917.07,2-Year,Bank,15,True,Features,APAC
CUST00394,Basic,27,121.05,3077.88,Annual,Card,15,False,,APAC
CUST00395,Enterprise,10,183.75,1662.38,2-Year,Invoice,9,True,Service,LATAM
CUST00396,Enterprise,63,259.39,16691.06,2-Year,Bank,12,True,Price,APAC
CUST00397,Basic,4,29.28,119.69,Annual,Bank,0,True,Competitor,APAC
CUST00398,Pro,24,229.83,5515.25,Monthly,Card,8,False,,NA
CUST00399,Pro,12,20.71,228.5,Annual,Bank,14,False,,NA
CUST00400,Enterprise,40,254.99,10409.28,Monthly,Bank,15,False,,EMEA
CUST00401,Pro,68,205.21,14269.92,2-Year,Bank,14,True,Service,LATAM
CUST00402,Enterprise,58,70.82,4020.81,Monthly,Card,6,True,Features,EMEA
CUST00403,Basic,56,105.55,5749.83,Annual,Invoice,14,False,,EMEA
CUST00404,Pro,35,275.13,8866.04,2-Year,Bank,11,False,,LATAM
CUST00405,Pro,26,63.95,1498.8,Monthly,Invoice,10,False,,APAC
CUST00406,Pro,13,253.39,3100.12,Monthly,Invoice,13,False,,NA
CUST00407,Enterprise,55,162.23,9257.89,2-Year,Invoice,13,False,,NA
CUST00408,Enterprise,5,279.81,1428.42,Monthly,Bank,12,False,,LATAM
CUST00409,Basic,38,252.2,10528.27,Annual,Bank,8,False,,LATAM
CUST00410,Pro,7,67.1,459.89,Annual,Invoice,13,True,Competitor,LATAM
CUST00411,Enterprise,34,225.9,8051.44,Annual,Invoice,8,False,,APAC
CUST00412,Enterprise,57,228.48,13828.59,Monthly,Bank,14,False,,APAC
CUST00413,Basic,41,201.38,7849.01,Annual,Card,14,False,,LATAM
CUST00414,Enterprise,22,188.14,3951.08,2-Year,Invoice,12,True,Competitor,EMEA
CUST00415,Pro,34,113.17,4082.29,Annual,Bank,1,True,Features,NA
CUST00416,Enterprise,48,84.28,4072.69,Annual,Invoice,6,True,Service,NA
CUST00417,Enterprise,32,133.98,4308.68,2-Year,Bank,0,False,,LATAM
CUST00418,Pro,29,148.41,3948.7,Monthly,Invoice,12,True,Service,EMEA
CUST00419,Basic,33,254.76,8915.15,Monthly,Bank,11,False,,EMEA
CUST00420,Basic,69,146.55,9509.46,Annual,Bank,14,False,,APAC
CUST00421,Pro,55,94.61,5582.13,2-Year,Card,7,False,,EMEA
CUST00422,Enterprise,18,272.96,5030.54,Annual,Card,10,True,Support,EMEA
CUST00423,Pro,7,218.44,1626.38,Monthly,Card,2,False,,NA
CUST00424,Pro,23,195.92,4780.31,Monthly,Invoice,10,False,,NA
CUST00425,Enterprise,51,103.73,5693.51,Annual,Invoice,15,False,,EMEA
CUST00426,Basic,67,74.97,4949.77,Annual,Bank,6,True,Competitor,LATAM
CUST00427,Enterprise,48,95.49,4666.06,Annual,Card,11,False,,EMEA
CUST00428,Basic,53,28.88,1599.89,2-Year,Bank,10,False,,LATAM
CUST00429,Enterprise,61,36.93,2271.54,Monthly,Card,5,True,Service,LATAM
CUST00430,Basic,13,261.55,3187.71,Annual,Bank,11,False,,APAC
CUST00431,Basic,14,215.97,3022.51,2-Year,Bank,0,False,,APAC
CUST00432,Enterprise,65,237.98,14126.44,Monthly,Invoice,12,True,Competitor,NA
CUST00433,Pro,4,249.23,904.37,Annual,Invoice,6,True,Support,APAC
CUST00434,Basic,57,168.65,10200.47,Monthly,Bank,11,True,Features,EMEA
CUST00435,Pro,56,280.32,16294.75,Monthly,Bank,8,False,,EMEA
CUST00436,Basic,62,71.72,4170.19,Annual,Invoice,7,True,Features,APAC
CUST00437,Pro,32,227.02,7619.45,Annual,Invoice,8,True,Competitor,APAC
CUST00438,Pro,6,174.23,1149.19,2-Year,Card,0,False,,EMEA
CUST00439,Enterprise,24,292.08,7553.14,Annual,Card,10,True,Service,LATAM
CUST00440,Basic,7,54.78,409.03,2-Year,Card,4,False,,LATAM
CUST00441,Enterprise,49,74.83,3903.19,Monthly,Card,11,True,Features,APAC
CUST00442,Basic,34,291.33,9786.69,2-Year,Invoice,3,False,,APAC
CUST00443,Basic,36,245.43,9158.18,Monthly,Card,0,False,,NA
CUST00444,Pro,19,262.59,4704.83,2-Year,Bank,0,False,,NA
CUST00445,Enterprise,38,55.85,1969.51,Monthly,Invoice,12,True,Support,EMEA
CUST00446,Enterprise,8,104.27,756.17,Monthly,Card,11,False,,APAC
CUST00447,Enterprise,68,100.61,6648.43,Annual,Invoice,14,False,,EMEA
CUST00448,Enterprise,68,283.53,18622.62,2-Year,Bank,7,True,Support,NA
CUST00449,Pro,48,260.25,11605.92,2-Year,Card,4,False,,LATAM
CUST00450,Basic,36,258.55,9316.07,Monthly,Bank,11,False,,LATAM
CUST00451,Enterprise,54,236.72,13355.09,Annual,Bank,1,False,,EMEA
CUST00452,Pro,7,282.32,2066.33,2-Year,Bank,9,True,Competitor,LATAM
CUST00453,Basic,50,48.93,2605.31,Annual,Invoice,9,False,,NA
CUST00454,Basic,42,226.39,9802.01,Annual,Bank,9,False,,NA
CUST00455,Pro,31,276.89,8747.81,Annual,Bank,11,True,Support,EMEA
CUST00456,Basic,48,261.06,13430.1,2-Year,Invoice,4,False,,EMEA
CUST00457,Pro,58,142.82,8726.96,Annual,Invoice,15,False,,LATAM
CUST00458,Pro,35,124.19,4158.76,2-Year,Card,4,False,,EMEA
CUST00459,Enterprise,66,145.27,9754.25,Monthly,Bank,15,False,,NA
CUST00460,Pro,3,158.17,511.78,2-Year,Bank,9,False,,LATAM
CUST00461,Basic,60,270.99,16052.51,Monthly,Card,10,False,,LATAM
CUST00462,Enterprise,63,52.88,3145.54,Monthly,Card,14,False,,LATAM
CUST00463,Basic,58,93.78,5303.92,Monthly,Card,4,False,,LATAM
CUST00464,Basic,19,210.27,4239.05,Annual,Bank,3,False,,EMEA
CUST00465,Enterprise,36,48.9,1872.76,Monthly,Bank,9,False,,APAC
CUST00466,Pro,44,175.59,7502.91,Annual,Bank,13,False,,EMEA
CUST00467,Enterprise,16,138.71,2092.72,Annual,Invoice,15,False,,LATAM
CUST00468,Enterprise,54,162.51,8523.02,Monthly,Bank,2,False,,NA
CUST00469,Pro,65,136.87,8364.4,Annual,Card,11,False,,APAC
CUST00470,Basic,61,176.56,11041.02,2-Year,Bank,7,False,,EMEA
CUST00471,Enterprise,51,175.68,9285.18,Monthly,Card,13,False,,NA
CUST00472,Enterprise,68,181.21,13513.41,2-Year,Bank,0,False,,NA
CUST00473,Enterprise,5,123.2,578.66,Monthly,Card,3,False,,APAC
CUST00474,Pro,27,68.5,1682.49,2-Year,Invoice,6,True,Service,EMEA
CUST00475,Basic,56,88.04,5334.17,2-Year,Invoice,7,False,,LATAM
CUST00476,Basic,67,67.48,4575.05,2-Year,Card,9,False,,APAC
CUST00477,Pro,58,165.53,10124.8,Annual,Bank,7,False,,APAC
CUST00478,Pro,18,226.96,4095.5,Monthly,Card,9,False,,EMEA
CUST00479,Basic,52,141.79,7709.19,Annual,Bank,8,False,,NA
CUST00480,Enterprise,33,149.67,5200.87,Annual,Invoice,13,False,,LATAM
CUST00481,Pro,31,143.86,4475.97,2-Year,Invoice,15,False,,LATAM
CUST00482,Pro,39,96.34,3673.23,Annual,Invoice,2,False,,APAC
CUST00483,Enterprise,33,127.53,4306.64,Annual,Card,2,False,,APAC
CUST00484,Enterprise,43,246.26,9835.6,2-Year,Bank,0,False,,EMEA
CUST00485,Basic,49,241.83,12671.78,2-Year,Bank,8,False,,LATAM
CUST00486,Enterprise,50,137.12,6257.99,Monthly,Invoice,5,False,,EMEA
CUST00487,Enterprise,19,88.04,1831.6,2-Year,Card,8,False,,LATAM
CUST00488,Basic,72,157.38,10711.66,Monthly,Card,15,True,Support,APAC
CUST00489,Basic,7,294.75,1941.0,Annual,Bank,9,False,,APAC
CUST00490,Pro,64,160.4,10855.3,Annual,Invoice,12,True,Competitor,LATAM
CUST00491,Pro,52,202.48,11214.76,Annual,Invoice,12,False,,NA
CUST00492,Enterprise,7,268.27,1739.59,Annual,Invoice,15,False,,LATAM
CUST00493,Pro,34,198.96,6378.83,Annual,Card,5,False,,LATAM
CUST00494,Pro,5,122.94,596.89,Annual,Bank,5,True,Price,NA
CUST00495,Enterprise,38,62.26,2333.37,Annual,Bank,3,False,,APAC
CUST00496,Enterprise,18,34.2,624.76,2-Year,Invoice,11,False,,NA
CUST00497,Basic,44,134.48,5590.26,2-Year,Bank,1,False,,NA
CUST00498,Basic,34,296.89,10517.36,2-Year,Bank,13,False,,LATAM
CUST00499,Enterprise,27,72.13,2022.23,Monthly,Bank,4,False,,EMEA
CUST00500,Basic,27,173.43,5076.04,2-Year,Invoice,2,True,Features,NA
CUST00501,Basic,5,121.82,612.6,Annual,Bank,9,True,Support,LATAM
CUST00502,Basic,47,193.08,9025.9,2-Year,Card,11,True,Support,LATAM
CUST00503,Basic,13,288.09,3607.74,2-Year,Card,1,False,,APAC
CUST00504,Enterprise,1,195.7,204.29,Monthly,Card,1,False,,LATAM
CUST00505,Basic,10,23.04,212.37,2-Year,Invoice,14,False,,APAC
CUST00506,Pro,44,245.0,9939.66,Annual,Card,4,True,Price,APAC
CUST00507,Pro,32,43.15,1311.46,Monthly,Card,13,True,Features,LATAM
CUST00508,Basic,45,131.48,5563.08,Monthly,Bank,11,True,Competitor,NA
CUST00509,Pro,54,233.59,12189.42,Monthly,Bank,14,True,Service,NA
CUST00510,Enterprise,31,133.45,3770.78,Annual,Invoice,10,False,,NA
CUST00511,Enterprise,1,22.16,23.69,2-Year,Bank,15,False,,NA
CUST00512,Basic,55,182.13,10563.29,Monthly,Card,2,False,,LATAM
CUST00513,Basic,59,263.46,17011.01,Annual,Card,7,False,,EMEA
CUST00514,Enterprise,3,196.3,563.21,2-Year,Invoice,10,False,,NA
CUST00515,Pro,54,112.64,6181.93,Monthly,Card,3,False,,EMEA
CUST00516,Enterprise,5,61.41,292.62,2-Year,Invoice,10,True,Competitor,NA
CUST00517,Basic,4,59.95,256.88,2-Year,Card,10,True,Competitor,NA
CUST00518,Basic,41,47.59,1867.07,Annual,Invoice,7,False,,EMEA
CUST00519,Pro,54,76.86,4135.49,Annual,Invoice,9,True,Service,LATAM
CUST00520,Pro,7,20.81,134.59,Annual,Card,14,False,,LATAM
CUST00521,Pro,5,199.14,898.27,2-Year,Bank,14,True,Price,NA
CUST00522,Enterprise,24,115.48,2588.39,2-Year,Card,6,False,,LATAM
CUST00523,Enterprise,12,145.74,1704.85,2-Year,Card,14,False,,LATAM
CUST00524,Basic,57,124.99,7115.28,2-Year,Card,7,False,,NA
CUST00525,Enterprise,9,294.69,2579.58,2-Year,Card,12,False,,EMEA
CUST00526,Enterprise,32,220.89,6661.17,Annual,Bank,15,True,Price,APAC
CUST00527,Enterprise,39,32.08,1326.55,Annual,Bank,4,False,,APAC
CUST00528,Basic,26,280.79,7539.92,Annual,Bank,0,False,,APAC
CUST00529,Enterprise,51,70.38,3862.7,Annual,Bank,4,True,Service,LATAM
CUST00530,Pro,15,182.67,2480.33,Monthly,Invoice,12,False,,NA
CUST00531,Basic,16,177.11,2969.5,Monthly,Invoice,7,False,,LATAM
CUST00532,Pro,1,184.54,197.25,Monthly,Invoice,2,True,Features,NA
CUST00533,Pro,7,264.26,1920.22,2-Year,Card,0,False,,APAC
CUST00534,Pro,68,149.31,10731.59,Monthly,Bank,14,False,,EMEA
CUST00535,Basic,50,161.83,7452.56,Annual,Bank,12,False,,APAC
CUST00536,Basic,56,27.89,1604.24,2-Year,Bank,12,False,,NA
CUST00537,Basic,22,61.8,1487.66,Annual,Bank,7,False,,LATAM
CUST00538,Enterprise,37,224.57,7768.51,Monthly,Card,15,False,,APAC
CUST00539,Enterprise,14,138.84,1953.46,2-Year,Bank,6,False,,APAC
CUST00540,Basic,70,53.78,3757.12,Annual,Bank,14,True,Competitor,LATAM
CUST00541,Enterprise,58,190.02,11965.69,2-Year,Invoice,10,False,,APAC
CUST00542,Enterprise,28,170.37,4845.43,Annual,Card,5,False,,APAC
CUST00543,Enterprise,19,236.45,4223.13,2-Year,Bank,8,False,,LATAM
CUST00544,Basic,16,61.64,1001.49,2-Year,Bank,6,False,,EMEA
CUST00545,Enterprise,48,86.91,3818.17,2-Year,Bank,6,True,Price,APAC
CUST00546,Enterprise,51,168.5,8977.97,Annual,Bank,7,False,,EMEA
CUST00547,Enterprise,43,256.07,10287.95,Monthly,Invoice,8,True,Support,LATAM
CUST00548,Basic,33,154.42,5155.51,Annual,Invoice,6,True,Competitor,APAC
CUST00549,Basic,16,146.58,2486.3,Monthly,Invoice,7,False,,NA
CUST00550,Pro,57,200.54,12358.19,Monthly,Card,8,False,,LATAM
CUST00551,Basic,48,254.22,11754.15,Annual,Invoice,15,False,,LATAM
CUST00552,Basic,11,148.43,1688.02,Monthly,Bank,10,True,Service,APAC
CUST00553,Basic,32,160.81,5341.4,Annual,Bank,1,False,,EMEA
CUST00554,Enterprise,59,64.22,3436.33,Monthly,Bank,11,False,,LATAM
CUST00555,Enterprise,46,297.71,13027.95,Monthly,Invoice,3,True,Features,LATAM
CUST00556,Enterprise,59,293.41,16672.14,Monthly,Bank,8,False,,EMEA
CUST00557,Enterprise,35,94.49,3021.05,Annual,Card,15,True,Support,LATAM
CUST00558,Enterprise,34,194.23,6141.89,Monthly,Card,2,False,,LATAM
CUST00559,Enterprise,15,79.96,1220.08,Annual,Bank,10,True,Service,APAC
CUST00560,Basic,65,268.57,16845.88,Annual,Card,6,True,Competitor,LATAM
CUST00561,Pro,48,130.77,6008.67,2-Year,Card,12,False,,EMEA
CUST00562,Pro,39,253.01,9440.79,Monthly,Card,5,False,,NA
CUST00563,Pro,30,115.67,3555.45,2-Year,Card,4,True,Service,APAC
CUST00564,Pro,1,157.25,149.27,Annual,Card,8,False,,LATAM
CUST00565,Enterprise,50,275.66,14957.09,Annual,Bank,1,False,,NA
CUST00566,Enterprise,54,34.2,1856.21,Monthly,Card,14,False,,APAC
CUST00567,Basic,14,129.53,1726.29,2-Year,Card,5,False,,NA
CUST00568,Pro,22,66.33,1411.97,Monthly,Bank,1,False,,APAC
CUST00569,Enterprise,56,90.87,5324.77,Annual,Bank,3,False,,EMEA
CUST00570,Pro,28,208.75,6114.83,Monthly,Card,10,False,,NA
CUST00571,Pro,43,273.34,11875.68,Annual,Invoice,3,False,,APAC
CUST00572,Enterprise,61,173.67,10231.97,2-Year,Bank,5,False,,EMEA
CUST00573,Enterprise,11,248.04,2829.71,2-Year,Bank,5,False,,APAC
CUST00574,Basic,65,51.61,3523.11,Monthly,Invoice,11,True,Features,EMEA
CUST00575,Pro,16,99.66,1484.16,Monthly,Card,0,True,Price,LATAM
CUST00576,Enterprise,39,269.21,11343.68,2-Year,Bank,9,True,Features,LATAM
CUST00577,Basic,52,121.92,6582.06,Monthly,Bank,5,False,,NA
CUST00578,Enterprise,32,205.38,6344.7,2-Year,Card,13,False,,APAC
CUST00579,Pro,35,214.28,7036.9,Monthly,Invoice,3,False,,NA
CUST00580,Pro,13,47.54,665.32,Monthly,Card,11,True,Features,EMEA
CUST00581,Enterprise,31,101.15,3432.19,2-Year,Card,4,False,,APAC
CUST00582,Basic,51,68.76,3597.75,Monthly,Card,4,False,,APAC
CUST00583,Pro,32,282.44,8421.55,2-Year,Bank,14,False,,NA
CUST00584,Basic,58,152.74,9069.9,2-Year,Card,15,True,Features,LATAM
CUST00585,Enterprise,61,104.67,6865.67,Annual,Bank,4,False,,NA
CUST00586,Pro,6,145.67,933.95,Monthly,Card,7,False,,EMEA
CUST00587,Basic,5,267.09,1206.89,2-Year,Invoice,15,False,,EMEA
CUST00588,Basic,37,243.52,8730.32,Monthly,Bank,11,False,,APAC
CUST00589,Enterprise,9,142.32,1304.6,Monthly,Invoice,5,False,,LATAM
CUST00590,Enterprise,56,230.69,13469.77,2-Year,Invoice,10,False,,EMEA
CUST00591,Enterprise,29,175.55,4754.19,2-Year,Invoice,6,True,Features,EMEA
CUST00592,Enterprise,22,237.58,5149.91,Monthly,Bank,1,False,,APAC
CUST00593,Pro,24,202.2,5118.03,Monthly,Card,11,True,Support,EMEA
CUST00594,Enterprise,10,249.77,2536.96,Monthly,Invoice,2,False,,EMEA
CUST00595,Enterprise,41,89.84,3357.11,Monthly,Bank,0,False,,LATAM
CUST00596,Enterprise,62,124.99,8398.51,Annual,Invoice,9,False,,LATAM
CUST00597,Enterprise,26,239.03,6110.56,Annual,Card,2,False,,EMEA
CUST00598,Enterprise,70,281.62,19155.13,2-Year,Bank,8,False,,APAC
CUST00599,Pro,36,229.51,8399.02,Annual,Card,6,True,Service,NA
CUST00600,Basic,42,191.45,8172.51,Monthly,Invoice,11,False,,NA
CUST00601,Pro,13,27.25,343.1,2-Year,Card,13,False,,EMEA
CUST00602,Basic,52,231.77,13119.32,Annual,Invoice,0,False,,APAC
CUST00603,Basic,9,157.55,1316.05,Annual,Card,13,False,,LATAM
CUST00604,Basic,65,240.32,17161.16,Monthly,Invoice,5,False,,EMEA
CUST00605,Pro,70,51.37,3281.71,2-Year,Invoice,7,False,,APAC
CUST00606,Enterprise,40,208.93,8056.6,Monthly,Card,2,False,,EMEA
CUST00607,Pro,57,229.78,12427.31,Annual,Card,2,False,,NA
CUST00608,Basic,40,189.77,8335.51,Monthly,Card,12,False,,EMEA
CUST00609,Pro,31,35.07,1148.37,2-Year,Bank,0,False,,NA
CUST00610,Enterprise,31,247.93,8148.77,Monthly,Invoice,13,False,,APAC
CUST00611,Enterprise,71,286.51,18460.29,Monthly,Card,2,False,,EMEA
CUST00612,Enterprise,39,41.22,1474.87,Monthly,Card,8,True,Features,NA
CUST00613,Pro,55,197.63,11177.33,2-Year,Card,5,False,,NA
CUST00614,Basic,37,179.0,6238.37,Monthly,Card,8,False,,EMEA
CUST00615,Enterprise,40,206.0,7753.73,Annual,Card,3,True,Price,LATAM
CUST00616,Basic,47,38.58,1738.64,Annual,Card,2,True,Price,APAC
CUST00617,Pro,15,75.8,1099.24,2-Year,Bank,9,True,Service,NA
CUST00618,Enterprise,61,232.75,14711.59,2-Year,Card,11,False,,LATAM
CUST00619,Pro,60,56.53,3591.86,Monthly,Invoice,15,True,Support,LATAM
CUST00620,Pro,63,138.59,9368.14,Monthly,Invoice,15,False,,LATAM
CUST00621,Enterprise,10,56.06,513.96,2-Year,Card,14,True,Service,NA
CUST00622,Pro,36,161.87,5665.61,2-Year,Bank,10,True,Competitor,LATAM
CUST00623,Enterprise,66,246.38,17205.41,2-Year,Card,8,True,Price,NA
CUST00624,Pro,64,289.32,19549.18,2-Year,Invoice,1,False,,EMEA
CUST00625,Pro,14,117.39,1646.75,2-Year,Card,3,False,,APAC
CUST00626,Basic,31,205.27,6187.36,Annual,Bank,6,False,,EMEA
CUST00627,Pro,24,145.46,3317.65,Annual,Card,10,False,,LATAM
CUST00628,Enterprise,59,22.36,1310.87,2-Year,Card,11,False,,EMEA
CUST00629,Basic,59,176.5,10802.51,Annual,Bank,11,False,,APAC
CUST00630,Basic,29,208.66,5990.84,2-Year,Invoice,13,True,Features,LATAM
CUST00631,Enterprise,65,264.87,18687.29,Monthly,Invoice,4,False,,NA
CUST00632,Basic,5,227.27,1177.06,Monthly,Bank,0,False,,APAC
CUST00633,Basic,64,232.75,15737.0,Annual,Bank,3,True,Features,APAC
CUST00634,Pro,63,170.48,9869.8,Monthly,Invoice,9,True,Support,LATAM
CUST00635,Pro,53,155.37,8977.43,Monthly,Bank,4,False,,APAC
CUST00636,Basic,39,250.64,10157.56,2-Year,Invoice,13,False,,LATAM
CUST00637,Basic,11,52.19,574.33,Annual,Card,7,True,Service,EMEA
CUST00638,Pro,42,149.71,6488.54,Monthly,Card,14,True,Service,EMEA
CUST00639,Enterprise,40,255.23,10344.56,2-Year,Bank,8,False,,NA
CUST00640,Basic,28,198.94,5585.28,Monthly,Bank,14,True,Support,EMEA
CUST00641,Pro,34,133.1,4495.64,Annual,Invoice,3,False,,NA
CUST00642,Pro,25,36.57,867.63,Monthly,Card,8,False,,APAC
CUST00643,Basic,49,248.37,11357.29,Annual,Invoice,2,True,Features,NA
CUST00644,Pro,3,88.8,254.19,2-Year,Card,11,True,Features,LATAM
CUST00645,Enterprise,38,27.93,1025.38,Annual,Card,10,False,,NA
CUST00646,Pro,20,77.54,1475.69,2-Year,Card,3,True,Support,NA
CUST00647,Basic,18,27.78,474.82,Annual,Invoice,6,True,Price,NA
CUST00648,Enterprise,47,263.92,11931.12,Monthly,Invoice,13,True,Features,EMEA
CUST00649,Enterprise,47,248.56,10832.06,Annual,Card,3,False,,LATAM
CUST00650,Enterprise,14,289.73,4113.72,2-Year,Bank,8,False,,EMEA
CUST00651,Pro,53,241.79,13714.52,Annual,Bank,6,True,Features,APAC
CUST00652,Basic,69,291.94,21029.53,2-Year,Bank,1,False,,NA
CUST00653,Enterprise,35,258.42,8702.71,Monthly,Card,6,False,,EMEA
CUST00654,Basic,25,117.25,3122.06,2-Year,Card,6,False,,APAC
CUST00655,Basic,22,162.24,3873.42,Annual,Bank,1,True,Features,NA
CUST00656,Pro,58,246.32,15463.97,Annual,Card,8,False,,LATAM
CUST00657,Pro,64,156.82,10167.95,Annual,Invoice,7,True,Price,APAC
CUST00658,Pro,55,99.05,4912.46,2-Year,Invoice,4,True,Features,APAC
CUST00659,Enterprise,70,141.63,9829.78,Annual,Card,15,False,,LATAM
CUST00660,Enterprise,30,239.84,6981.7,2-Year,Bank,12,False,,NA
CUST00661,Pro,13,59.12,695.45,Monthly,Bank,8,True,Competitor,EMEA
CUST00662,Basic,56,32.19,1829.14,2-Year,Card,4,False,,APAC
CUST00663,Pro,60,28.7,1877.74,Annual,Invoice,3,False,,LATAM
CUST00664,Basic,38,76.36,2737.8,Annual,Card,7,False,,APAC
CUST00665,Enterprise,32,208.72,6356.65,Annual,Card,14,False,,APAC
CUST00666,Basic,20,211.99,4482.62,Annual,Invoice,8,True,Support,LATAM
CUST00667,Enterprise,34,114.11,4033.88,Annual,Invoice,11,False,,LATAM
CUST00668,Enterprise,65,265.24,16182.18,Monthly,Bank,9,True,Service,LATAM
CUST00669,Basic,14,168.14,2557.24,Annual,Card,5,True,Service,EMEA
CUST00670,Pro,51,261.5,13036.33,Annual,Bank,8,False,,NA
CUST00671,Pro,36,293.98,10236.9,Annual,Card,2,False,,EMEA
CUST00672,Basic,71,125.78,9760.59,Annual,Card,4,False,,EMEA
CUST00673,Pro,69,221.17,16099.9,Annual,Invoice,10,True,Support,APAC
CUST00674,Enterprise,22,242.08,5802.28,Annual,Bank,15,False,,LATAM
CUST00675,Pro,35,71.12,2588.38,Monthly,Card,14,False,,EMEA
CUST00676,Basic,18,220.33,4051.53,2-Year,Invoice,5,False,,NA
CUST00677,Pro,45,53.51,2167.84,Annual,Card,2,True,Competitor,EMEA
CUST00678,Pro,33,287.05,10337.34,2-Year,Invoice,12,False,,APAC
CUST00679,Pro,28,264.88,7381.64,Monthly,Card,11,True,Service,NA
CUST00680,Enterprise,72,178.98,12765.88,Monthly,Invoice,11,True,Price,LATAM
CUST00681,Basic,27,255.56,6355.63,Monthly,Invoice,15,False,,EMEA
CUST00682,Enterprise,36,283.58,9881.96,Monthly,Invoice,14,False,,APAC
CUST00683,Enterprise,4,167.14,604.18,2-Year,Card,15,False,,EMEA
CUST00684,Pro,23,27.71,584.48,Monthly,Card,8,False,,APAC
CUST00685,Enterprise,24,88.69,2053.36,Annual,Card,4,False,,EMEA
CUST00686,Enterprise,27,41.11,1200.31,2-Year,Invoice,14,False,,APAC
CUST00687,Enterprise,15,148.87,2022.95,Monthly,Card,0,False,,NA
CUST00688,Pro,56,261.84,15950.33,Annual,Bank,0,False,,EMEA
CUST00689,Basic,36,54.09,1770.85,2-Year,Invoice,13,True,Features,APAC
CUST00690,Pro,67,216.19,15014.21,Annual,Card,10,False,,NA
CUST00691,Pro,39,113.87,4153.14,Monthly,Bank,13,False,,APAC
CUST00692,Pro,51,55.82,3106.13,Monthly,Invoice,3,True,Competitor,EMEA
CUST00693,Basic,6,106.37,657.53,Annual,Invoice,10,False,,NA
CUST00694,Pro,34,273.87,10013.19,Annual,Invoice,6,True,Competitor,EMEA
CUST00695,Enterprise,37,49.85,1937.47,Annual,Bank,8,False,,NA
CUST00696,Enterprise,57,175.66,10767.6,Annual,Invoice,11,False,,APAC
CUST00697,Basic,58,95.81,5061.97,2-Year,Bank,14,True,Service,LATAM
CUST00698,Enterprise,38,285.89,10290.54,2-Year,Bank,10,False,,EMEA
CUST00699,Basic,59,152.36,8591.45,Monthly,Card,13,True,Competitor,APAC
CUST00700,Pro,67,299.54,22004.56,Annual,Invoice,0,False,,APAC
CUST00701,Enterprise,57,20.77,1205.01,Annual,Bank,2,True,Support,LATAM
CUST00702,Pro,48,130.3,6754.67,2-Year,Card,1,False,,EMEA
CUST00703,Pro,21,151.49,3357.1,Monthly,Card,11,True,Features,LATAM
CUST00704,Basic,24,296.92,6420.4,2-Year,Bank,14,True,Support,APAC
CUST00705,Pro,15,122.87,1725.7,Annual,Bank,0,True,Price,NA
CUST00706,Basic,43,276.72,11678.27,2-Year,Card,6,False,,NA
CUST00707,Basic,26,272.52,7541.56,Annual,Bank,6,True,Service,APAC
CUST00708,Enterprise,56,225.04,13585.28,2-Year,Bank,14,False,,NA
CUST00709,Basic,64,244.36,15635.04,Annual,Card,8,False,,EMEA
CUST00710,Basic,32,264.13,8932.13,2-Year,Invoice,2,True,Features,APAC
CUST00711,Basic,37,75.15,2869.7,2-Year,Bank,7,False,,LATAM
CUST00712,Pro,56,72.21,4360.82,2-Year,Bank,9,True,Price,APAC
CUST00713,Pro,33,292.23,9506.81,2-Year,Card,9,False,,LATAM
CUST00714,Enterprise,40,38.78,1508.25,Monthly,Invoice,2,True,Competitor,NA
CUST00715,Basic,65,160.16,10845.14,2-Year,Invoice,5,True,Price,EMEA
CUST00716,Enterprise,18,77.39,1486.21,2-Year,Card,3,True,Competitor,NA
CUST00717,Basic,2,149.09,319.72,Monthly,Invoice,0,False,,APAC
CUST00718,Pro,35,285.46,9831.06,Annual,Card,11,True,Competitor,NA
CUST00719,Basic,60,201.97,11625.48,Annual,Invoice,7,False,,NA
CUST00720,Pro,13,132.52,1678.17,2-Year,Bank,15,False,,LATAM
CUST00721,Enterprise,52,281.02,14417.29,Annual,Bank,15,False,,LATAM
CUST00722,Enterprise,6,177.4,1100.85,Annual,Invoice,4,True,Support,LATAM
CUST00723,Basic,40,112.27,4105.14,Annual,Card,9,False,,LATAM
CUST00724,Pro,68,57.62,4306.89,Annual,Bank,9,False,,APAC
CUST00725,Enterprise,19,66.65,1316.96,Annual,Invoice,1,False,,LATAM
CUST00726,Enterprise,22,186.58,3884.88,2-Year,Bank,8,False,,NA
CUST00727,Pro,8,126.37,993.75,Annual,Card,1,False,,EMEA
CUST00728,Basic,21,244.03,4669.16,Monthly,Invoice,6,True,Support,EMEA
CUST00729,Basic,31,249.82,8397.71,2-Year,Bank,0,False,,LATAM
CUST00730,Pro,46,90.45,4179.9,Annual,Bank,4,False,,APAC
CUST00731,Pro,46,62.97,2650.3,Monthly,Bank,14,False,,APAC
CUST00732,Basic,45,147.35,6388.57,Annual,Invoice,6,False,,LATAM
CUST00733,Pro,12,203.88,2669.31,2-Year,Bank,7,False,,EMEA
CUST00734,Enterprise,70,219.37,16539.0,2-Year,Bank,8,False,,NA
CUST00735,Pro,60,202.93,13258.35,Annual,Card,3,False,,NA
CUST00736,Enterprise,56,56.09,3019.49,Annual,Bank,5,False,,EMEA
CUST00737,Enterprise,51,244.48,11929.74,Annual,Invoice,11,False,,NA
CUST00738,Pro,63,290.51,18234.0,2-Year,Invoice,1,False,,NA
CUST00739,Pro,1,56.71,60.26,2-Year,Card,10,False,,EMEA
CUST00740,Pro,2,72.6,135.29,Monthly,Card,11,False,,NA
CUST00741,Enterprise,6,197.5,1255.27,Monthly,Bank,8,False,,LATAM
CUST00742,Pro,24,62.14,1469.0,Monthly,Invoice,7,True,Support,EMEA
CUST00743,Basic,46,30.21,1454.08,Annual,Card,10,True,Service,NA
CUST00744,Pro,36,24.06,833.92,2-Year,Invoice,9,True,Price,APAC
CUST00745,Enterprise,21,37.16,748.76,Annual,Card,15,False,,APAC
CUST00746,Enterprise,48,24.06,1088.44,Monthly,Card,1,False,,LATAM
CUST00747,Pro,4,59.12,256.72,Monthly,Card,0,True,Support,NA
CUST00748,Basic,60,155.58,8841.19,Annual,Invoice,7,False,,EMEA
CUST00749,Pro,63,152.92,9510.96,Annual,Bank,14,False,,LATAM
CUST00750,Pro,9,142.52,1397.36,Annual,Bank,9,False,,NA
CUST00751,Pro,37,151.08,5485.19,Monthly,Bank,7,True,Support,EMEA
CUST00752,Enterprise,17,190.02,2940.26,Monthly,Card,11,True,Price,NA
CUST00753,Basic,27,267.72,7425.9,2-Year,Card,13,False,,EMEA
CUST00754,Enterprise,61,193.24,12127.2,Annual,Invoice,5,False,,APAC
CUST00755,Enterprise,58,152.48,8083.04,Monthly,Invoice,1,True,Service,LATAM
CUST00756,Pro,15,212.82,3094.38,Monthly,Invoice,11,True,Competitor,LATAM
CUST00757,Basic,12,285.7,3627.09,Monthly,Bank,5,False,,EMEA
CUST00758,Enterprise,5,253.31,1322.69,Annual,Invoice,2,False,,NA
CUST00759,Basic,1,220.8,216.11,Monthly,Bank,8,False,,APAC
CUST00760,Enterprise,33,78.87,2763.23,Annual,Invoice,2,True,Competitor,EMEA
CUST00761,Enterprise,21,213.21,4036.35,Monthly,Bank,4,False,,EMEA
CUST00762,Pro,57,131.43,6977.91,2-Year,Card,14,False,,APAC
CUST00763,Basic,62,49.8,2895.15,Annual,Card,1,False,,NA
CUST00764,Enterprise,6,184.64,1090.78,2-Year,Card,10,False,,LATAM
CUST00765,Pro,61,280.91,16801.32,2-Year,Bank,3,False,,LATAM
CUST00766,Pro,22,174.77,3963.54,Monthly,Bank,8,False,,LATAM
CUST00767,Pro,28,81.66,2219.58,2-Year,Bank,9,False,,NA
CUST00768,Basic,43,103.07,4283.89,Annual,Bank,15,False,,EMEA
CUST00769,Enterprise,41,292.4,11668.19,2-Year,Bank,12,False,,LATAM
CUST00770,Enterprise,46,217.02,9800.01,Annual,Card,1,False,,EMEA
CUST00771,Basic,29,145.36,4273.92,Annual,Invoice,8,False,,APAC
CUST00772,Basic,18,44.72,880.75,Monthly,Bank,2,False,,APAC
CUST00773,Enterprise,44,118.88,5092.91,2-Year,Card,14,False,,EMEA
CUST00774,Pro,30,155.71,4269.65,Monthly,Bank,9,False,,EMEA
CUST00775,Basic,8,71.77,579.34,Monthly,Bank,4,False,,EMEA
CUST00776,Basic,72,59.97,4198.41,Monthly,Bank,6,True,Support,EMEA
CUST00777,Basic,22,190.06,4362.2,2-Year,Invoice,9,False,,LATAM
CUST00778,Pro,18,175.96,3279.32,2-Year,Invoice,10,True,Service,NA
CUST00779,Enterprise,70,150.99,11623.53,Annual,Bank,12,False,,LATAM
CUST00780,Enterprise,4,34.08,126.94,Annual,Bank,13,False,,LATAM
CUST00781,Basic,49,190.12,9188.12,2-Year,Card,9,False,,EMEA
CUST00782,Enterprise,67,134.37,9441.05,2-Year,Card,10,True,Competitor,EMEA
CUST00783,Enterprise,43,240.4,10289.08,Monthly,Bank,12,False,,EMEA
CUST00784,Pro,27,246.01,6573.09,Monthly,Bank,7,False,,APAC
CUST00785,Enterprise,53,278.11,15363.63,Annual,Card,8,False,,LATAM
CUST00786,Basic,23,73.88,1615.4,Annual,Bank,13,False,,LATAM
CUST00787,Pro,14,32.87,469.34,2-Year,Bank,2,True,Support,NA
CUST00788,Enterprise,49,263.62,13727.96,Annual,Invoice,15,False,,EMEA
CUST00789,Pro,35,292.12,11020.65,Monthly,Invoice,11,False,,NA
CUST00790,Pro,67,287.98,18974.71,Monthly,Card,9,False,,APAC
CUST00791,Basic,7,258.03,1876.8,Monthly,Card,7,False,,NA
CUST00792,Pro,16,130.61,2076.77,2-Year,Card,4,False,,EMEA
CUST00793,Basic,64,290.36,19072.29,2-Year,Invoice,0,False,,NA
CUST00794,Basic,21,64.78,1329.24,Monthly,Invoice,11,False,,EMEA
CUST00795,Enterprise,4,21.65,79.66,Monthly,Card,2,True,Service,EMEA
CUST00796,Enterprise,51,198.4,9241.27,Monthly,Invoice,5,False,,NA
CUST00797,Basic,22,155.81,3461.59,Annual,Bank,5,True,Price,NA
CUST00798,Basic,24,194.28,4287.54,Annual,Bank,10,False,,LATAM
CUST00799,Basic,2,22.18,45.75,2-Year,Invoice,2,True,Features,LATAM
CUST00800,Basic,44,256.01,12253.48,Annual,Invoice,7,False,,APAC
CUST00801,Pro,28,239.56,6189.49,Monthly,Bank,9,False,,LATAM
CUST00802,Pro,39,141.9,6061.35,Monthly,Invoice,14,True,Price,EMEA
CUST00803,Basic,62,59.38,3934.68,Monthly,Card,7,False,,NA
CUST00804,Enterprise,70,281.27,20529.21,2-Year,Card,5,True,Service,EMEA
CUST00805,Basic,15,126.52,1850.23,2-Year,Invoice,6,False,,EMEA
CUST00806,Basic,34,215.41,7592.35,Annual,Card,14,False,,LATAM
CUST00807,Basic,21,121.06,2737.53,Monthly,Card,3,False,,NA
CUST00808,Pro,56,150.85,7882.67,2-Year,Card,5,False,,LATAM
CUST00809,Basic,64,210.3,13192.42,2-Year,Card,3,True,Features,LATAM
CUST00810,Enterprise,69,135.2,8409.09,Annual,Card,10,True,Service,LATAM
CUST00811,Basic,33,231.12,8053.63,Monthly,Card,1,False,,APAC
CUST00812,Pro,11,155.33,1609.09,Monthly,Bank,0,False,,APAC
CUST00813,Basic,26,41.73,989.64,Annual,Card,14,False,,APAC
CUST00814,Pro,41,20.74,793.17,Annual,Bank,15,True,Features,NA
CUST00815,Pro,30,238.87,7097.43,Annual,Card,0,False,,EMEA
CUST00816,Enterprise,4,202.12,775.19,Monthly,Bank,7,False,,APAC
CUST00817,Pro,42,221.01,10030.16,Annual,Card,14,True,Support,LATAM
CUST00818,Basic,32,280.36,9087.63,Monthly,Invoice,7,True,Service,NA
CUST00819,Basic,47,50.22,2514.43,Annual,Card,13,False,,EMEA
CUST00820,Enterprise,50,169.57,8642.2,Annual,Card,5,True,Competitor,NA
CUST00821,Pro,52,108.14,5778.52,Annual,Bank,2,True,Price,LATAM
CUST00822,Pro,7,207.12,1577.18,Annual,Invoice,13,False,,LATAM
CUST00823,Pro,25,196.61,5239.12,Annual,Invoice,0,True,Competitor,APAC
CUST00824,Enterprise,70,211.73,16251.82,2-Year,Card,1,False,,NA
CUST00825,Pro,13,299.1,4137.89,Annual,Invoice,13,False,,LATAM
CUST00826,Basic,52,150.12,7938.12,Annual,Card,8,False,,LATAM
CUST00827,Basic,4,47.0,198.91,Annual,Bank,9,True,Competitor,NA
CUST00828,Basic,62,263.6,15130.33,Monthly,Invoice,6,False,,NA
CUST00829,Basic,33,217.11,6885.69,2-Year,Card,14,False,,LATAM
CUST00830,Basic,18,110.33,1810.91,Annual,Invoice,5,True,Support,APAC
CUST00831,Basic,68,177.93,11762.3,2-Year,Bank,5,False,,LATAM
CUST00832,Basic,22,193.43,4012.87,2-Year,Bank,15,False,,NA
CUST00833,Enterprise,21,216.01,4302.76,2-Year,Bank,13,True,Service,APAC
CUST00834,Basic,50,100.13,5184.06,Monthly,Invoice,7,False,,APAC
CUST00835,Enterprise,51,242.9,11743.1,Monthly,Invoice,13,False,,LATAM
CUST00836,Pro,52,66.49,3283.86,Monthly,Card,9,False,,NA
CUST00837,Basic,50,196.62,9656.03,Monthly,Card,8,True,Price,NA
CUST00838,Pro,34,213.52,7112.1,Monthly,Bank,10,True,Service,LATAM
CUST00839,Enterprise,28,132.32,3746.9,Monthly,Card,6,False,,APAC
CUST00840,Pro,59,29.0,1664.14,2-Year,Card,9,False,,EMEA
CUST00841,Basic,35,263.95,8457.61,Annual,Bank,8,False,,APAC
CUST00842,Enterprise,38,297.66,10833.34,Monthly,Invoice,9,False,,EMEA
CUST00843,Pro,39,126.0,4495.91,2-Year,Card,3,False,,LATAM
CUST00844,Basic,35,230.68,8723.06,2-Year,Bank,9,False,,EMEA
CUST00845,Pro,65,297.4,20214.19,Annual,Card,15,True,Competitor,NA
CUST00846,Pro,47,87.16,3945.84,Monthly,Bank,11,True,Price,EMEA
CUST00847,Enterprise,36,154.43,6001.66,Monthly,Bank,14,False,,EMEA
CUST00848,Basic,34,110.8,3409.85,2-Year,Card,4,True,Competitor,LATAM
CUST00849,Pro,39,273.14,10727.18,2-Year,Bank,5,True,Competitor,EMEA
CUST00850,Pro,7,296.58,2130.83,Monthly,Bank,13,False,,LATAM
CUST00851,Enterprise,15,223.11,3431.42,Monthly,Invoice,14,False,,APAC
CUST00852,Basic,14,266.67,3747.47,Annual,Invoice,1,True,Features,APAC
CUST00853,Pro,2,138.93,274.4,Annual,Invoice,0,False,,NA
CUST00854,Basic,14,272.11,3982.61,Monthly,Card,13,False,,NA
CUST00855,Basic,1,274.74,297.29,Annual,Card,13,False,,EMEA
CUST00856,Enterprise,18,51.59,908.4,Monthly,Bank,9,True,Service,APAC
CUST00857,Pro,5,258.13,1321.08,2-Year,Bank,8,False,,EMEA
CUST00858,Pro,5,280.8,1287.41,Annual,Card,8,False,,LATAM
CUST00859,Pro,2,199.66,372.93,2-Year,Invoice,13,True,Price,APAC
CUST00860,Pro,48,67.5,3395.43,2-Year,Invoice,8,False,,LATAM
CUST00861,Basic,42,204.72,9278.17,Annual,Invoice,5,False,,EMEA
CUST00862,Enterprise,4,115.2,457.96,2-Year,Invoice,6,False,,LATAM
CUST00863,Enterprise,57,141.67,8278.26,Monthly,Bank,6,False,,APAC
CUST00864,Pro,69,48.95,3591.89,Monthly,Invoice,1,True,Service,APAC
CUST00865,Enterprise,56,227.78,12387.21,2-Year,Invoice,13,False,,LATAM
CUST00866,Pro,55,220.67,11436.5,Annual,Invoice,14,False,,LATAM
CUST00867,Basic,3,273.89,870.51,Monthly,Card,2,False,,APAC
CUST00868,Pro,17,129.04,2110.67,2-Year,Bank,3,False,,NA
CUST00869,Pro,17,259.29,4020.81,Annual,Invoice,7,False,,APAC
CUST00870,Pro,52,124.58,6660.73,Annual,Bank,10,False,,NA
CUST00871,Enterprise,58,222.37,13997.71,Annual,Bank,7,False,,LATAM
CUST00872,Enterprise,33,176.84,5663.71,2-Year,Card,10,False,,NA
CUST00873,Enterprise,22,67.75,1505.65,Annual,Bank,14,False,,NA
CUST00874,Basic,11,204.71,2410.38,Annual,Invoice,5,False,,APAC
CUST00875,Enterprise,55,111.77,6021.22,Annual,Invoice,1,True,Service,NA
CUST00876,Basic,29,206.14,5903.52,Monthly,Invoice,8,False,,NA
CUST00877,Basic,44,179.7,7563.44,Annual,Invoice,10,True,Features,APAC
CUST00878,Basic,29,254.4,7683.28,Monthly,Invoice,15,False,,LATAM
CUST00879,Pro,32,113.44,3318.13,Monthly,Invoice,13,False,,EMEA
CUST00880,Basic,3,95.91,260.25,Monthly,Card,8,False,,LATAM
CUST00881,Enterprise,10,39.31,392.79,Annual,Card,5,False,,LATAM
CUST00882,Basic,45,299.05,13885.22,2-Year,Invoice,1,False,,APAC
CUST00883,Pro,14,219.33,2815.78,Annual,Card,7,False,,EMEA
CUST00884,Pro,30,37.12,1064.91,2-Year,Invoice,9,False,,EMEA
CUST00885,Basic,54,202.75,11309.74,2-Year,Card,6,False,,NA
CUST00886,Basic,29,151.94,4609.97,2-Year,Card,1,False,,EMEA
CUST00887,Pro,54,155.95,8419.06,Annual,Bank,14,False,,EMEA
CUST00888,Pro,54,115.78,6015.98,Annual,Bank,10,False,,NA
CUST00889,Basic,27,90.05,2486.48,2-Year,Bank,6,False,,APAC
CUST00890,Pro,15,50.21,771.87,2-Year,Bank,11,True,Service,EMEA
CUST00891,Basic,7,170.46,1119.75,Monthly,Card,2,False,,EMEA
CUST00892,Pro,47,210.04,10807.35,2-Year,Bank,10,False,,NA
CUST00893,Basic,60,26.39,1561.92,Annual,Card,12,False,,LATAM
CUST00894,Basic,37,220.84,8573.67,Annual,Bank,15,False,,LATAM
CUST00895,Pro,21,50.06,1147.8,2-Year,Card,8,False,,EMEA
CUST00896,Enterprise,59,215.23,12580.76,Monthly,Card,9,False,,NA
CUST00897,Basic,56,178.7,9696.73,2-Year,Card,5,False,,EMEA
CUST00898,Pro,47,162.03,8024.22,Monthly,Bank,5,True,Support,APAC
CUST00899,Basic,68,296.18,20509.78,2-Year,Invoice,9,False,,APAC
CUST00900,Enterprise,11,127.55,1426.17,2-Year,Invoice,8,False,,APAC
CUST00901,Pro,51,203.91,10259.14,Annual,Card,7,False,,NA
CUST00902,Basic,4,92.19,354.24,Monthly,Invoice,12,False,,LATAM
CUST00903,Basic,69,122.33,8926.05,2-Year,Invoice,15,True,Features,APAC
CUST00904,Pro,6,54.98,326.68,Monthly,Invoice,7,False,,LATAM
CUST00905,Pro,63,60.11,4092.68,2-Year,Card,0,False,,NA
CUST00906,Enterprise,40,206.49,7487.25,2-Year,Bank,7,False,,APAC
CUST00907,Pro,55,32.01,1618.91,2-Year,Bank,0,True,Features,EMEA
CUST00908,Pro,12,127.9,1480.66,Monthly,Bank,11,True,Competitor,EMEA
CUST00909,Basic,65,219.26,15304.27,2-Year,Bank,15,False,,APAC
CUST00910,Pro,12,288.65,3745.94,Annual,Invoice,2,False,,APAC
CUST00911,Pro,46,227.96,10202.63,Annual,Invoice,13,True,Price,LATAM
CUST00912,Pro,54,176.71,10459.08,2-Year,Card,13,False,,EMEA
CUST00913,Pro,50,90.25,4574.48,Annual,Bank,3,False,,LATAM
CUST00914,Basic,15,261.81,3995.49,Annual,Card,5,True,Service,APAC
CUST00915,Pro,48,280.71,13190.93,Annual,Card,4,False,,NA
CUST00916,Enterprise,19,199.55,3754.33,2-Year,Bank,12,False,,LATAM
CUST00917,Enterprise,71,105.17,7657.44,Annual,Invoice,6,False,,NA
CUST00918,Basic,55,280.32,15401.14,Monthly,Bank,6,True,Features,EMEA
CUST00919,Enterprise,24,233.34,5128.16,Annual,Card,7,False,,NA
CUST00920,Enterprise,16,57.56,997.72,Monthly,Card,15,False,,LATAM
CUST00921,Basic,27,292.45,8007.75,2-Year,Bank,7,False,,LATAM
CUST00922,Pro,3,254.32,721.18,Annual,Card,13,False,,EMEA
CUST00923,Pro,23,73.94,1672.45,Monthly,Invoice,11,False,,LATAM
CUST00924,Pro,59,124.64,6862.82,2-Year,Invoice,9,False,,NA
CUST00925,Enterprise,1,243.79,221.13,2-Year,Card,15,False,,EMEA
CUST00926,Enterprise,3,81.04,227.27,Annual,Bank,12,True,Service,APAC
CUST00927,Pro,17,211.38,3837.13,Monthly,Card,4,True,Price,EMEA
CUST00928,Enterprise,70,20.93,1524.75,2-Year,Bank,13,False,,EMEA
CUST00929,Enterprise,9,177.41,1746.07,Monthly,Invoice,3,True,Price,EMEA
CUST00930,Enterprise,65,233.39,13744.4,Monthly,Invoice,12,False,,LATAM
CUST00931,Enterprise,50,130.11,7076.05,Annual,Bank,5,False,,NA
CUST00932,Pro,32,64.34,2092.44,Annual,Bank,0,False,,EMEA
CUST00933,Basic,26,293.61,7965.36,2-Year,Invoice,8,False,,NA
CUST00934,Enterprise,29,157.36,4735.48,2-Year,Invoice,3,True,Service,EMEA
CUST00935,Enterprise,33,227.1,7416.68,2-Year,Bank,13,True,Features,NA
CUST00936,Enterprise,44,33.28,1390.96,Annual,Bank,14,False,,NA
CUST00937,Pro,59,241.11,13741.15,Annual,Invoice,9,True,Support,NA
CUST00938,Enterprise,65,119.55,8479.75,Monthly,Invoice,5,False,,NA
CUST00939,Pro,10,111.84,1105.36,Annual,Bank,2,False,,EMEA
CUST00940,Pro,52,223.25,11470.77,Annual,Card,5,False,,EMEA
CUST00941,Pro,50,50.39,2598.38,2-Year,Invoice,0,False,,EMEA
CUST00942,Pro,40,177.33,6653.01,2-Year,Bank,10,True,Features,LATAM
CUST00943,Basic,53,261.76,15034.63,2-Year,Bank,10,True,Competitor,NA
CUST00944,Basic,5,217.97,1132.89,2-Year,Bank,12,False,,LATAM
CUST00945,Enterprise,66,72.5,4973.5,2-Year,Bank,6,False,,LATAM
CUST00946,Pro,2,278.63,511.23,2-Year,Bank,0,False,,LATAM
CUST00947,Enterprise,50,49.7,2350.68,Monthly,Invoice,15,False,,NA
CUST00948,Basic,57,58.03,3573.9,Monthly,Invoice,6,False,,NA
CUST00949,Enterprise,9,64.22,591.6,Annual,Bank,13,False,,EMEA
CUST00950,Enterprise,57,65.89,3713.51,Annual,Bank,7,True,Features,APAC
CUST00951,Basic,54,155.24,8515.92,2-Year,Card,11,False,,LATAM
CUST00952,Basic,42,157.31,6724.56,Annual,Bank,1,False,,APAC
CUST00953,Enterprise,34,129.51,4177.88,Annual,Bank,0,False,,APAC
CUST00954,Enterprise,35,296.57,10447.79,2-Year,Card,1,False,,APAC
CUST00955,Basic,67,291.07,17778.26,Monthly,Bank,6,False,,NA
CUST00956,Pro,18,290.93,5591.92,Annual,Card,10,False,,APAC
CUST00957,Enterprise,64,237.66,13788.59,Annual,Invoice,1,False,,APAC
CUST00958,Pro,2,257.84,476.71,Annual,Invoice,14,False,,NA
CUST00959,Enterprise,6,27.16,148.48,Monthly,Bank,6,False,,APAC
CUST00960,Enterprise,33,129.9,4056.76,Annual,Invoice,15,False,,APAC
CUST00961,Basic,32,256.47,8732.75,2-Year,Card,8,False,,NA
CUST00962,Enterprise,27,50.05,1318.37,Monthly,Invoice,7,False,,EMEA
CUST00963,Pro,14,76.32,988.53,2-Year,Invoice,8,True,Service,APAC
CUST00964,Enterprise,9,49.0,454.78,Monthly,Bank,9,False,,NA
CUST00965,Basic,38,66.49,2691.2,Annual,Invoice,14,False,,NA
CUST00966,Enterprise,30,232.89,7045.73,Annual,Invoice,13,True,Features,LATAM
CUST00967,Basic,56,30.16,1804.33,2-Year,Invoice,10,False,,NA
CUST00968,Basic,26,238.71,6389.76,2-Year,Invoice,15,False,,EMEA
CUST00969,Enterprise,69,149.12,10603.05,Monthly,Invoice,3,False,,EMEA
CUST00970,Enterprise,53,86.87,4755.59,2-Year,Invoice,14,False,,NA
CUST00971,Enterprise,24,127.75,2861.71,Monthly,Bank,3,False,,APAC
CUST00972,Basic,40,176.59,6671.52,Monthly,Card,15,False,,LATAM
CUST00973,Pro,8,115.51,987.33,Annual,Card,4,False,,EMEA
CUST00974,Basic,5,264.88,1332.52,Annual,Bank,14,True,Competitor,NA
CUST00975,Basic,46,160.97,7016.95,Monthly,Card,13,False,,NA
CUST00976,Basic,49,142.61,7120.15,2-Year,Card,8,False,,LATAM
CUST00977,Pro,23,125.84,2642.02,Annual,Bank,13,False,,LATAM
CUST00978,Enterprise,34,215.44,7045.4,Monthly,Bank,11,True,Service,APAC
CUST00979,Pro,57,221.37,13067.1,2-Year,Invoice,4,False,,APAC
CUST00980,Enterprise,18,221.68,4048.85,Monthly,Invoice,3,False,,APAC
CUST00981,Basic,14,233.33,3145.54,Annual,Bank,7,True,Service,APAC
CUST00982,Enterprise,10,109.53,1077.88,Monthly,Invoice,11,False,,NA
CUST00983,Enterprise,53,230.25,11005.49,2-Year,Invoice,6,False,,EMEA
CUST00984,Pro,9,260.65,2263.09,Monthly,Card,15,True,Competitor,LATAM
CUST00985,Enterprise,7,89.61,658.07,Annual,Bank,6,False,,EMEA
CUST00986,Basic,27,237.68,6161.5,Annual,Card,8,False,,APAC
CUST00987,Pro,58,35.01,2120.93,2-Year,Invoice,4,True,Features,EMEA
CUST00988,Basic,69,172.3,12611.77,Annual,Invoice,4,False,,LATAM
CUST00989,Enterprise,12,125.71,1560.33,Monthly,Invoice,12,False,,LATAM
CUST00990,Basic,33,154.79,5570.53,Monthly,Invoice,15,False,,NA
CUST00991,Pro,27,211.67,5680.32,Annual,Invoice,5,False,,LATAM
CUST00992,Basic,68,46.88,3454.35,2-Year,Card,5,False,,APAC
CUST00993,Basic,12,236.13,3079.04,2-Year,Card,4,False,,NA
CUST00994,Enterprise,51,71.92,3485.04,2-Year,Card,11,True,Competitor,APAC
CUST00995,Enterprise,48,97.9,4383.59,2-Year,Invoice,7,False,,NA
CUST00996,Basic,34,234.43,7726.97,Monthly,Card,6,True,Service,EMEA
CUST00997,Pro,56,152.96,9201.47,Monthly,Bank,14,False,,LATAM
CUST00998,Enterprise,47,144.05,6884.38,Annual,Invoice,4,False,,NA
CUST00999,Pro,25,61.37,1399.14,Annual,Card,13,False,,APAC
CUST01000,Pro,50,101.81,5027.64,Monthly,Invoice,5,False,,EMEA
