order_id,customer_id,product,region,quarter,year,quantity,unit_price,revenue,sales_rep,channel
O00001,CUST0264,Pro Plan,LATAM,Q3,2023,42,1951.38,81957.96,REP020,Partner
O00002,CUST0084,API Credits,LATAM,Q3,2023,26,2137.78,55582.28,REP026,Inside Sales
O00003,CUST0206,Add-on Analytics,EMEA,Q3,2025,20,769.45,15389.0,REP026,Online
O00004,CUST0080,Pro Plan,NA,Q3,2023,16,1180.15,18882.4,REP002,Direct
O00005,CUST0038,Starter,APAC,Q2,2023,29,358.97,10410.13,REP023,Online
O00006,CUST0063,API Credits,APAC,Q2,2025,31,1116.57,34613.67,REP030,Partner
O00007,CUST0201,Enterprise,APAC,Q4,2025,3,942.31,2826.93,REP003,Direct
O00008,CUST0255,Add-on Analytics,LATAM,Q1,2024,25,507.08,12677.0,REP026,Online
O00009,CUST0217,API Credits,APAC,Q4,2023,21,1875.94,39394.74,REP030,Partner
O00010,CUST0250,Starter,EMEA,Q1,2023,17,1068.71,18168.07,REP002,Partner
O00011,CUST0143,Enterprise,EMEA,Q2,2025,39,1263.63,49281.57,REP014,Direct
O00012,CUST0191,Starter,NA,Q1,2025,24,1792.84,43028.16,REP004,Inside Sales
O00013,CUST0259,Starter,LATAM,Q2,2023,10,864.67,8646.7,REP029,Partner
O00014,CUST0281,Starter,LATAM,Q4,2025,3,1164.63,3493.89,REP002,Online
O00015,CUST0033,Add-on Analytics,LATAM,Q3,2023,27,1493.83,40333.41,REP030,Inside Sales
O00016,CUST0136,Starter,NA,Q2,2024,38,596.1,22651.8,REP027,Partner
O00017,CUST0118,Pro Plan,EMEA,Q3,2024,17,60.5,1028.5,REP027,Inside Sales
O00018,CUST0039,Starter,LATAM,Q2,2024,1,1103.53,1103.53,REP001,Online
O00019,CUST0283,Starter,NA,Q1,2024,38,572.87,21769.06,REP028,Partner
O00020,CUST0280,API Credits,EMEA,Q4,2025,47,855.04,40186.88,REP001,Inside Sales
O00021,CUST0246,Pro Plan,NA,Q1,2024,42,651.71,27371.82,REP005,Online
O00022,CUST0213,Enterprise,LATAM,Q2,2025,19,1695.94,32222.86,REP007,Partner
O00023,CUST0159,Add-on AI,NA,Q3,2023,49,2332.77,114305.73,REP003,Partner
O00024,CUST0139,Enterprise,NA,Q1,2023,16,211.66,3386.56,REP025,Inside Sales
O00025,CUST0274,Add-on Analytics,NA,Q3,2023,33,1926.7,63581.1,REP016,Online
O00026,CUST0199,Enterprise,APAC,Q1,2024,6,915.44,5492.64,REP024,Direct
O00027,CUST0083,Add-on AI,EMEA,Q1,2023,11,407.24,4479.64,REP016,Online
O00028,CUST0222,Pro Plan,LATAM,Q1,2024,25,1992.03,49800.75,REP007,Partner
O00029,CUST0035,API Credits,EMEA,Q2,2025,41,1234.39,50609.99,REP027,Inside Sales
O00030,CUST0102,Pro Plan,NA,Q4,2024,21,1624.19,34107.99,REP015,Partner
O00031,CUST0191,API Credits,APAC,Q1,2025,23,91.95,2114.85,REP014,Direct
O00032,CUST0050,Add-on AI,NA,Q3,2024,6,378.5,2271.0,REP019,Partner
O00033,CUST0175,Pro Plan,NA,Q4,2024,36,2490.53,89659.08,REP026,Online
O00034,CUST0151,Pro Plan,NA,Q2,2024,35,2064.3,72250.5,REP002,Online
O00035,CUST0079,Starter,APAC,Q2,2025,17,2048.45,34823.65,REP028,Inside Sales
O00036,CUST0158,API Credits,APAC,Q1,2025,24,234.02,5616.48,REP014,Direct
O00037,CUST0048,Enterprise,NA,Q1,2024,21,502.7,10556.7,REP012,Direct
O00038,CUST0064,Enterprise,EMEA,Q1,2024,50,867.77,43388.5,REP019,Direct
O00039,CUST0282,Add-on AI,NA,Q2,2023,18,813.15,14636.7,REP026,Online
O00040,CUST0021,Starter,LATAM,Q3,2023,26,1893.14,49221.64,REP003,Online
O00041,CUST0049,Add-on AI,NA,Q3,2025,4,385.38,1541.52,REP004,Inside Sales
O00042,CUST0055,Starter,EMEA,Q1,2024,24,1044.67,25072.08,REP019,Partner
O00043,CUST0292,API Credits,NA,Q1,2024,11,503.57,5539.27,REP021,Direct
O00044,CUST0087,API Credits,EMEA,Q4,2023,47,1785.0,83895.0,REP014,Direct
O00045,CUST0097,Add-on Analytics,EMEA,Q3,2025,47,1951.84,91736.48,REP002,Inside Sales
O00046,CUST0271,Starter,APAC,Q2,2025,43,1001.68,43072.24,REP005,Inside Sales
O00047,CUST0064,API Credits,LATAM,Q4,2025,19,709.93,13488.67,REP009,Inside Sales
O00048,CUST0130,API Credits,EMEA,Q1,2023,26,1497.31,38930.06,REP019,Partner
O00049,CUST0021,Enterprise,EMEA,Q1,2025,16,374.5,5992.0,REP024,Direct
O00050,CUST0112,Starter,NA,Q1,2025,26,375.76,9769.76,REP019,Direct
O00051,CUST0008,Add-on Analytics,NA,Q2,2025,8,2083.43,16667.44,REP011,Partner
O00052,CUST0064,Starter,APAC,Q4,2023,10,1824.57,18245.7,REP014,Inside Sales
O00053,CUST0075,Enterprise,LATAM,Q3,2024,43,543.79,23382.97,REP012,Partner
O00054,CUST0224,Pro Plan,APAC,Q2,2024,32,2375.4,76012.8,REP001,Inside Sales
O00055,CUST0031,API Credits,LATAM,Q4,2023,4,1964.41,7857.64,REP017,Online
O00056,CUST0073,Starter,APAC,Q2,2024,8,2209.2,17673.6,REP006,Inside Sales
O00057,CUST0233,Starter,APAC,Q1,2024,49,1347.5,66027.5,REP021,Partner
O00058,CUST0245,Add-on Analytics,APAC,Q4,2023,45,2166.43,97489.35,REP006,Inside Sales
O00059,CUST0121,API Credits,LATAM,Q2,2024,9,92.01,828.09,REP013,Partner
O00060,CUST0268,Starter,NA,Q2,2023,18,1817.04,32706.72,REP009,Online
O00061,CUST0055,Enterprise,APAC,Q4,2023,5,1439.53,7197.65,REP009,Partner
O00062,CUST0002,Enterprise,NA,Q2,2025,32,2444.76,78232.32,REP011,Inside Sales
O00063,CUST0056,API Credits,APAC,Q3,2023,31,523.88,16240.28,REP024,Inside Sales
O00064,CUST0206,API Credits,APAC,Q3,2025,18,1486.17,26751.06,REP004,Inside Sales
O00065,CUST0167,Pro Plan,APAC,Q4,2025,13,2231.13,29004.69,REP012,Inside Sales
O00066,CUST0221,Add-on AI,NA,Q2,2025,22,1258.22,27680.84,REP023,Direct
O00067,CUST0023,Enterprise,LATAM,Q1,2025,9,616.7,5550.3,REP014,Direct
O00068,CUST0070,Enterprise,EMEA,Q1,2025,36,1131.14,40721.04,REP007,Online
O00069,CUST0210,Pro Plan,APAC,Q1,2023,17,78.66,1337.22,REP021,Inside Sales
O00070,CUST0061,Pro Plan,APAC,Q2,2023,22,2312.74,50880.28,REP026,Partner
O00071,CUST0086,API Credits,NA,Q1,2024,45,728.85,32798.25,REP030,Inside Sales
O00072,CUST0258,Add-on AI,EMEA,Q2,2024,22,295.23,6495.06,REP030,Online
O00073,CUST0183,Add-on Analytics,EMEA,Q1,2024,45,904.95,40722.75,REP001,Direct
O00074,CUST0081,Enterprise,NA,Q1,2025,18,521.73,9391.14,REP024,Partner
O00075,CUST0236,Pro Plan,LATAM,Q2,2023,13,374.94,4874.22,REP008,Partner
O00076,CUST0105,Starter,APAC,Q1,2023,47,2284.99,107394.53,REP027,Inside Sales
O00077,CUST0082,Add-on Analytics,LATAM,Q2,2025,5,2092.37,10461.85,REP001,Partner
O00078,CUST0216,Pro Plan,NA,Q3,2023,35,478.98,16764.3,REP025,Partner
O00079,CUST0223,Enterprise,EMEA,Q2,2023,10,1066.88,10668.8,REP009,Online
O00080,CUST0291,Enterprise,LATAM,Q4,2023,39,1355.48,52863.72,REP014,Partner
O00081,CUST0110,API Credits,NA,Q4,2024,21,687.56,14438.76,REP007,Inside Sales
O00082,CUST0047,Add-on AI,NA,Q3,2024,50,1361.85,68092.5,REP026,Partner
O00083,CUST0058,Add-on AI,LATAM,Q1,2023,48,1765.66,84751.68,REP013,Partner
O00084,CUST0119,Enterprise,EMEA,Q1,2025,12,1370.61,16447.32,REP030,Direct
O00085,CUST0174,Add-on AI,NA,Q1,2023,35,1403.08,49107.8,REP009,Online
O00086,CUST0023,Add-on Analytics,LATAM,Q3,2025,9,2078.87,18709.83,REP028,Partner
O00087,CUST0266,Enterprise,LATAM,Q2,2023,45,1608.81,72396.45,REP003,Inside Sales
O00088,CUST0085,API Credits,APAC,Q1,2025,49,838.51,41086.99,REP028,Online
O00089,CUST0014,API Credits,NA,Q1,2023,49,78.25,3834.25,REP028,Direct
O00090,CUST0300,Pro Plan,NA,Q1,2024,11,1906.02,20966.22,REP023,Partner
O00091,CUST0276,API Credits,APAC,Q4,2023,29,1969.94,57128.26,REP002,Direct
O00092,CUST0059,Add-on AI,APAC,Q2,2024,21,978.66,20551.86,REP025,Online
O00093,CUST0076,Add-on AI,LATAM,Q3,2023,6,1387.15,8322.9,REP010,Inside Sales
O00094,CUST0148,Add-on AI,NA,Q1,2023,12,2069.67,24836.04,REP011,Inside Sales
O00095,CUST0014,Pro Plan,NA,Q4,2023,33,1114.99,36794.67,REP001,Online
O00096,CUST0046,Starter,APAC,Q2,2024,23,1609.84,37026.32,REP017,Partner
O00097,CUST0212,Enterprise,APAC,Q4,2024,37,351.21,12994.77,REP017,Partner
O00098,CUST0159,Enterprise,LATAM,Q3,2024,43,170.04,7311.72,REP024,Direct
O00099,CUST0107,Enterprise,LATAM,Q1,2025,31,179.94,5578.14,REP020,Inside Sales
O00100,CUST0270,Enterprise,EMEA,Q3,2023,50,1579.78,78989.0,REP003,Direct
O00101,CUST0130,Add-on AI,NA,Q3,2023,8,2169.87,17358.96,REP029,Direct
O00102,CUST0091,Add-on AI,LATAM,Q3,2025,47,683.72,32134.84,REP016,Partner
O00103,CUST0271,API Credits,NA,Q2,2024,46,1921.44,88386.24,REP013,Online
O00104,CUST0205,Add-on AI,APAC,Q2,2023,44,210.55,9264.2,REP024,Partner
O00105,CUST0125,Add-on Analytics,EMEA,Q3,2024,20,438.55,8771.0,REP012,Inside Sales
O00106,CUST0129,Pro Plan,LATAM,Q2,2023,20,2403.9,48078.0,REP028,Direct
O00107,CUST0182,Starter,APAC,Q4,2024,41,1005.21,41213.61,REP028,Direct
O00108,CUST0189,Starter,EMEA,Q2,2024,15,1816.75,27251.25,REP010,Partner
O00109,CUST0158,Add-on Analytics,APAC,Q1,2025,6,1201.09,7206.54,REP028,Online
O00110,CUST0124,Add-on AI,EMEA,Q1,2023,47,316.96,14897.12,REP027,Online
O00111,CUST0032,API Credits,APAC,Q3,2025,9,1190.92,10718.28,REP002,Online
O00112,CUST0111,Enterprise,APAC,Q1,2024,16,551.37,8821.92,REP007,Online
O00113,CUST0114,Enterprise,NA,Q3,2025,8,1017.06,8136.48,REP003,Direct
O00114,CUST0064,Add-on AI,NA,Q4,2025,30,1817.07,54512.1,REP020,Partner
O00115,CUST0102,Add-on Analytics,EMEA,Q2,2025,6,1595.64,9573.84,REP005,Inside Sales
O00116,CUST0018,API Credits,NA,Q3,2023,3,2211.84,6635.52,REP003,Inside Sales
O00117,CUST0257,Add-on Analytics,NA,Q3,2024,7,1181.2,8268.4,REP001,Partner
O00118,CUST0172,Add-on Analytics,NA,Q2,2023,2,1485.92,2971.84,REP018,Partner
O00119,CUST0242,API Credits,LATAM,Q1,2023,45,974.36,43846.2,REP009,Online
O00120,CUST0110,Add-on Analytics,APAC,Q1,2025,27,2295.85,61987.95,REP020,Online
O00121,CUST0037,Pro Plan,APAC,Q2,2023,5,812.51,4062.55,REP004,Online
O00122,CUST0176,Pro Plan,EMEA,Q2,2023,26,1348.23,35053.98,REP025,Inside Sales
O00123,CUST0111,Add-on AI,EMEA,Q2,2023,47,436.31,20506.57,REP003,Partner
O00124,CUST0040,Pro Plan,APAC,Q4,2024,22,877.35,19301.7,REP030,Direct
O00125,CUST0022,Starter,NA,Q3,2023,34,1363.46,46357.64,REP025,Online
O00126,CUST0024,Add-on AI,NA,Q2,2024,26,1100.24,28606.24,REP004,Partner
O00127,CUST0029,Add-on AI,EMEA,Q4,2023,3,2362.43,7087.29,REP012,Inside Sales
O00128,CUST0014,Add-on Analytics,EMEA,Q4,2025,6,2054.52,12327.12,REP022,Inside Sales
O00129,CUST0090,Enterprise,APAC,Q1,2024,48,571.49,27431.52,REP029,Online
O00130,CUST0094,Add-on Analytics,NA,Q3,2023,28,1297.24,36322.72,REP016,Inside Sales
O00131,CUST0108,Add-on AI,APAC,Q4,2025,42,2260.92,94958.64,REP010,Direct
O00132,CUST0003,Add-on AI,LATAM,Q1,2023,20,2246.08,44921.6,REP025,Partner
O00133,CUST0282,API Credits,EMEA,Q3,2024,16,1218.37,19493.92,REP014,Direct
O00134,CUST0064,Pro Plan,NA,Q2,2023,42,967.04,40615.68,REP022,Online
O00135,CUST0025,Add-on AI,APAC,Q4,2025,45,94.23,4240.35,REP019,Direct
O00136,CUST0009,API Credits,LATAM,Q3,2024,37,495.36,18328.32,REP009,Partner
O00137,CUST0216,Add-on AI,LATAM,Q4,2025,46,1453.33,66853.18,REP028,Online
O00138,CUST0275,Starter,LATAM,Q4,2023,34,774.09,26319.06,REP021,Partner
O00139,CUST0011,Add-on AI,APAC,Q2,2024,37,302.21,11181.77,REP019,Partner
O00140,CUST0115,Starter,EMEA,Q2,2023,7,503.14,3521.98,REP025,Inside Sales
O00141,CUST0029,Add-on Analytics,NA,Q4,2025,36,2403.54,86527.44,REP018,Inside Sales
O00142,CUST0214,Pro Plan,LATAM,Q2,2024,41,338.41,13874.81,REP006,Partner
O00143,CUST0113,Starter,APAC,Q3,2025,47,608.87,28616.89,REP021,Partner
O00144,CUST0146,Pro Plan,APAC,Q2,2025,36,1904.68,68568.48,REP014,Direct
O00145,CUST0175,Pro Plan,EMEA,Q2,2025,37,1544.52,57147.24,REP013,Online
O00146,CUST0282,Add-on Analytics,LATAM,Q2,2024,43,701.79,30176.97,REP012,Inside Sales
O00147,CUST0219,Pro Plan,EMEA,Q1,2023,1,1426.4,1426.4,REP025,Partner
O00148,CUST0062,Starter,EMEA,Q3,2025,22,2452.16,53947.52,REP025,Online
O00149,CUST0160,Add-on AI,APAC,Q4,2025,10,639.47,6394.7,REP021,Direct
O00150,CUST0001,Pro Plan,LATAM,Q1,2023,31,1893.22,58689.82,REP020,Inside Sales
O00151,CUST0199,Add-on AI,EMEA,Q4,2023,4,336.12,1344.48,REP003,Direct
O00152,CUST0014,Pro Plan,NA,Q2,2025,22,2067.72,45489.84,REP013,Direct
O00153,CUST0038,API Credits,APAC,Q3,2023,19,1593.16,30270.04,REP002,Inside Sales
O00154,CUST0299,Add-on Analytics,LATAM,Q4,2023,41,1328.43,54465.63,REP021,Partner
O00155,CUST0144,Starter,NA,Q1,2025,24,590.25,14166.0,REP029,Inside Sales
O00156,CUST0084,Pro Plan,LATAM,Q4,2024,39,739.68,28847.52,REP029,Partner
O00157,CUST0071,Starter,NA,Q4,2024,43,368.57,15848.51,REP018,Direct
O00158,CUST0197,Pro Plan,EMEA,Q4,2025,41,2073.71,85022.11,REP019,Direct
O00159,CUST0274,Starter,NA,Q3,2023,26,2344.61,60959.86,REP007,Partner
O00160,CUST0068,Starter,APAC,Q2,2024,15,268.51,4027.65,REP023,Partner
O00161,CUST0279,Pro Plan,LATAM,Q2,2024,26,316.35,8225.1,REP001,Partner
O00162,CUST0084,Pro Plan,LATAM,Q2,2025,7,242.56,1697.92,REP004,Partner
O00163,CUST0163,Enterprise,LATAM,Q4,2023,33,2449.88,80846.04,REP016,Online
O00164,CUST0039,API Credits,APAC,Q4,2023,13,584.72,7601.36,REP010,Online
O00165,CUST0166,Pro Plan,EMEA,Q1,2025,11,2168.17,23849.87,REP028,Inside Sales
O00166,CUST0049,Add-on Analytics,APAC,Q3,2025,3,2434.04,7302.12,REP010,Direct
O00167,CUST0053,Add-on Analytics,LATAM,Q2,2024,14,1721.02,24094.28,REP018,Direct
O00168,CUST0263,Enterprise,EMEA,Q2,2024,48,1987.8,95414.4,REP003,Direct
O00169,CUST0275,Enterprise,NA,Q2,2025,6,2201.54,13209.24,REP021,Partner
O00170,CUST0280,Starter,LATAM,Q3,2025,27,470.47,12702.69,REP026,Inside Sales
O00171,CUST0277,Enterprise,NA,Q2,2024,15,2193.1,32896.5,REP028,Partner
O00172,CUST0294,Add-on Analytics,NA,Q3,2024,2,879.25,1758.5,REP016,Inside Sales
O00173,CUST0032,Add-on Analytics,LATAM,Q4,2025,8,1161.26,9290.08,REP008,Inside Sales
O00174,CUST0193,Add-on AI,EMEA,Q2,2023,24,1923.11,46154.64,REP003,Partner
O00175,CUST0082,Pro Plan,LATAM,Q2,2023,41,905.79,37137.39,REP022,Online
O00176,CUST0054,API Credits,APAC,Q1,2024,35,2472.74,86545.9,REP013,Partner
O00177,CUST0090,Pro Plan,EMEA,Q1,2025,42,1936.72,81342.24,REP011,Inside Sales
O00178,CUST0274,API Credits,APAC,Q4,2025,3,1415.94,4247.82,REP008,Inside Sales
O00179,CUST0065,Pro Plan,APAC,Q3,2025,2,2385.06,4770.12,REP026,Direct
O00180,CUST0129,Add-on AI,APAC,Q2,2025,35,1111.22,38892.7,REP021,Partner
O00181,CUST0263,Add-on AI,NA,Q3,2025,22,2123.03,46706.66,REP021,Direct
O00182,CUST0260,Add-on Analytics,NA,Q3,2024,29,1583.86,45931.94,REP023,Inside Sales
O00183,CUST0279,Add-on Analytics,LATAM,Q1,2024,12,626.44,7517.28,REP013,Inside Sales
O00184,CUST0096,Pro Plan,LATAM,Q2,2025,50,2431.67,121583.5,REP009,Inside Sales
O00185,CUST0237,Add-on Analytics,LATAM,Q1,2025,5,1812.55,9062.75,REP013,Partner
O00186,CUST0079,Enterprise,APAC,Q4,2025,32,1810.42,57933.44,REP017,Partner
O00187,CUST0273,Starter,NA,Q4,2025,3,1986.79,5960.37,REP013,Partner
O00188,CUST0016,API Credits,APAC,Q2,2024,4,1753.98,7015.92,REP025,Inside Sales
O00189,CUST0234,Add-on AI,NA,Q4,2025,40,863.1,34524.0,REP001,Direct
O00190,CUST0176,Starter,APAC,Q2,2024,35,480.97,16833.95,REP009,Partner
O00191,CUST0072,Starter,APAC,Q4,2024,38,1015.46,38587.48,REP006,Partner
O00192,CUST0138,Add-on Analytics,EMEA,Q2,2025,35,1861.43,65150.05,REP028,Partner
O00193,CUST0041,API Credits,APAC,Q1,2024,26,452.83,11773.58,REP006,Online
O00194,CUST0295,Enterprise,LATAM,Q4,2023,22,1003.24,22071.28,REP019,Partner
O00195,CUST0190,Pro Plan,EMEA,Q2,2024,34,1539.45,52341.3,REP028,Direct
O00196,CUST0251,Add-on AI,APAC,Q4,2024,24,112.87,2708.88,REP013,Online
O00197,CUST0148,Starter,EMEA,Q1,2025,21,1902.17,39945.57,REP001,Partner
O00198,CUST0263,Add-on AI,NA,Q3,2025,40,343.95,13758.0,REP030,Direct
O00199,CUST0102,Add-on AI,APAC,Q4,2025,31,453.8,14067.8,REP019,Partner
O00200,CUST0108,Add-on Analytics,APAC,Q3,2023,6,2104.48,12626.88,REP003,Online
O00201,CUST0168,Enterprise,NA,Q3,2024,7,850.58,5954.06,REP007,Partner
O00202,CUST0244,API Credits,NA,Q3,2025,14,2052.97,28741.58,REP008,Inside Sales
O00203,CUST0137,Enterprise,NA,Q4,2024,3,89.34,268.02,REP010,Direct
O00204,CUST0271,Pro Plan,LATAM,Q1,2024,12,1168.75,14025.0,REP018,Direct
O00205,CUST0067,Enterprise,APAC,Q2,2024,1,715.62,715.62,REP013,Partner
O00206,CUST0220,Add-on Analytics,NA,Q2,2024,36,2032.29,73162.44,REP011,Inside Sales
O00207,CUST0086,Enterprise,LATAM,Q4,2025,29,734.87,21311.23,REP023,Online
O00208,CUST0174,API Credits,LATAM,Q3,2025,43,735.05,31607.15,REP012,Online
O00209,CUST0061,Pro Plan,LATAM,Q3,2023,33,365.8,12071.4,REP011,Direct
O00210,CUST0158,Starter,EMEA,Q2,2023,3,155.04,465.12,REP019,Partner
O00211,CUST0060,Starter,APAC,Q1,2023,9,1624.49,14620.41,REP003,Partner
O00212,CUST0268,Enterprise,LATAM,Q1,2024,22,1227.3,27000.6,REP018,Partner
O00213,CUST0267,Add-on AI,LATAM,Q1,2024,20,746.69,14933.8,REP013,Inside Sales
O00214,CUST0114,Add-on Analytics,LATAM,Q2,2024,45,2476.63,111448.35,REP029,Inside Sales
O00215,CUST0004,Enterprise,APAC,Q3,2025,27,416.78,11253.06,REP028,Partner
O00216,CUST0036,Add-on AI,EMEA,Q3,2024,14,2376.77,33274.78,REP026,Partner
O00217,CUST0033,Enterprise,EMEA,Q1,2025,9,516.54,4648.86,REP020,Partner
O00218,CUST0031,Add-on Analytics,NA,Q1,2025,20,1578.97,31579.4,REP029,Direct
O00219,CUST0105,API Credits,LATAM,Q2,2024,17,1249.37,21239.29,REP012,Direct
O00220,CUST0045,API Credits,LATAM,Q2,2024,26,1320.77,34340.02,REP006,Partner
O00221,CUST0186,Add-on AI,APAC,Q3,2024,30,836.08,25082.4,REP016,Partner
O00222,CUST0167,Enterprise,NA,Q4,2023,37,2358.24,87254.88,REP017,Inside Sales
O00223,CUST0053,Add-on Analytics,NA,Q4,2025,36,640.67,23064.12,REP018,Partner
O00224,CUST0033,Add-on Analytics,EMEA,Q4,2023,42,1198.49,50336.58,REP007,Inside Sales
O00225,CUST0096,Pro Plan,APAC,Q2,2025,42,1477.26,62044.92,REP006,Partner
O00226,CUST0110,API Credits,LATAM,Q2,2025,37,2278.62,84308.94,REP029,Partner
O00227,CUST0300,Pro Plan,APAC,Q1,2025,28,2008.54,56239.12,REP008,Partner
O00228,CUST0126,Add-on AI,EMEA,Q2,2023,21,1650.63,34663.23,REP011,Online
O00229,CUST0238,API Credits,LATAM,Q3,2024,8,1248.3,9986.4,REP008,Partner
O00230,CUST0293,Starter,APAC,Q4,2024,16,2357.65,37722.4,REP028,Online
O00231,CUST0093,Add-on Analytics,LATAM,Q4,2025,46,1826.32,84010.72,REP001,Partner
O00232,CUST0170,Enterprise,LATAM,Q2,2024,5,447.12,2235.6,REP025,Inside Sales
O00233,CUST0168,Enterprise,EMEA,Q1,2023,32,1784.4,57100.8,REP005,Partner
O00234,CUST0069,Starter,LATAM,Q1,2025,49,2431.61,119148.89,REP024,Direct
O00235,CUST0136,Add-on AI,LATAM,Q2,2023,3,2214.26,6642.78,REP020,Inside Sales
O00236,CUST0191,API Credits,APAC,Q4,2024,44,565.94,24901.36,REP006,Partner
O00237,CUST0021,Enterprise,NA,Q4,2023,49,1986.32,97329.68,REP009,Online
O00238,CUST0294,Add-on AI,APAC,Q2,2024,42,250.92,10538.64,REP004,Inside Sales
O00239,CUST0293,Pro Plan,NA,Q1,2024,11,2387.53,26262.83,REP025,Partner
O00240,CUST0013,Pro Plan,APAC,Q2,2025,38,1885.73,71657.74,REP007,Inside Sales
O00241,CUST0030,Add-on AI,EMEA,Q3,2025,48,1302.88,62538.24,REP030,Direct
O00242,CUST0256,Pro Plan,NA,Q4,2024,6,565.52,3393.12,REP005,Inside Sales
O00243,CUST0060,Enterprise,EMEA,Q1,2025,10,1842.8,18428.0,REP004,Inside Sales
O00244,CUST0028,Pro Plan,NA,Q4,2024,49,1667.45,81705.05,REP004,Direct
O00245,CUST0093,Pro Plan,NA,Q4,2024,7,367.28,2570.96,REP020,Direct
O00246,CUST0271,Add-on Analytics,EMEA,Q4,2023,47,890.2,41839.4,REP007,Partner
O00247,CUST0195,Starter,EMEA,Q1,2024,37,521.49,19295.13,REP018,Direct
O00248,CUST0155,Add-on AI,NA,Q2,2024,42,2198.34,92330.28,REP005,Online
O00249,CUST0286,API Credits,LATAM,Q2,2023,6,746.9,4481.4,REP021,Partner
O00250,CUST0069,Enterprise,APAC,Q3,2023,37,1679.06,62125.22,REP013,Partner
O00251,CUST0188,Starter,LATAM,Q1,2025,13,1766.53,22964.89,REP027,Direct
O00252,CUST0177,Enterprise,LATAM,Q1,2023,46,1684.03,77465.38,REP027,Direct
O00253,CUST0142,Enterprise,LATAM,Q1,2023,30,340.69,10220.7,REP030,Online
O00254,CUST0067,Enterprise,NA,Q3,2025,24,999.05,23977.2,REP009,Direct
O00255,CUST0028,Add-on Analytics,NA,Q2,2023,10,2475.74,24757.4,REP012,Partner
O00256,CUST0031,Enterprise,NA,Q4,2023,36,1262.4,45446.4,REP015,Direct
O00257,CUST0117,Enterprise,EMEA,Q4,2024,38,104.83,3983.54,REP028,Online
O00258,CUST0082,API Credits,NA,Q1,2024,21,689.6,14481.6,REP008,Online
O00259,CUST0186,Add-on Analytics,LATAM,Q1,2023,4,355.5,1422.0,REP019,Inside Sales
O00260,CUST0190,Add-on Analytics,APAC,Q3,2024,20,1576.12,31522.4,REP012,Online
O00261,CUST0055,Enterprise,APAC,Q4,2023,16,665.64,10650.24,REP015,Inside Sales
O00262,CUST0061,Add-on AI,NA,Q1,2023,3,1409.61,4228.83,REP002,Partner
O00263,CUST0052,Add-on Analytics,LATAM,Q1,2025,27,1406.92,37986.84,REP009,Direct
O00264,CUST0279,Pro Plan,NA,Q4,2023,28,1314.89,36816.92,REP026,Online
O00265,CUST0056,Starter,NA,Q4,2023,10,1502.23,15022.3,REP015,Direct
O00266,CUST0053,Enterprise,NA,Q2,2025,3,1051.04,3153.12,REP015,Partner
O00267,CUST0148,Starter,APAC,Q3,2023,4,2041.84,8167.36,REP016,Online
O00268,CUST0101,Pro Plan,NA,Q2,2024,12,329.8,3957.6,REP019,Inside Sales
O00269,CUST0182,Add-on Analytics,LATAM,Q2,2024,35,2155.54,75443.9,REP023,Inside Sales
O00270,CUST0288,Pro Plan,APAC,Q3,2024,2,551.18,1102.36,REP007,Partner
O00271,CUST0224,Add-on Analytics,LATAM,Q4,2023,29,2308.82,66955.78,REP027,Partner
O00272,CUST0124,Enterprise,LATAM,Q1,2024,38,206.98,7865.24,REP001,Direct
O00273,CUST0052,Starter,APAC,Q1,2024,26,1066.27,27723.02,REP021,Direct
O00274,CUST0249,API Credits,LATAM,Q1,2023,4,1144.98,4579.92,REP004,Online
O00275,CUST0300,Enterprise,NA,Q1,2023,48,1655.0,79440.0,REP027,Online
O00276,CUST0034,Starter,EMEA,Q1,2024,16,1685.89,26974.24,REP002,Online
O00277,CUST0255,Add-on Analytics,LATAM,Q1,2025,20,1634.13,32682.6,REP021,Partner
O00278,CUST0062,Add-on Analytics,LATAM,Q1,2023,30,1496.28,44888.4,REP020,Online
O00279,CUST0077,Enterprise,LATAM,Q1,2024,25,2390.86,59771.5,REP010,Direct
O00280,CUST0120,Enterprise,APAC,Q4,2024,37,702.13,25978.81,REP014,Partner
O00281,CUST0149,Add-on AI,NA,Q2,2025,45,2419.25,108866.25,REP020,Inside Sales
O00282,CUST0136,Enterprise,LATAM,Q1,2023,46,2065.24,95001.04,REP028,Partner
O00283,CUST0236,Add-on AI,EMEA,Q1,2023,30,174.9,5247.0,REP004,Direct
O00284,CUST0015,API Credits,APAC,Q4,2023,11,1668.85,18357.35,REP004,Direct
O00285,CUST0293,Add-on AI,LATAM,Q2,2024,44,1769.45,77855.8,REP029,Partner
O00286,CUST0276,Add-on AI,APAC,Q1,2023,29,2408.17,69836.93,REP030,Direct
O00287,CUST0156,Add-on AI,EMEA,Q1,2025,26,2240.7,58258.2,REP006,Direct
O00288,CUST0120,Add-on AI,LATAM,Q4,2024,34,1307.21,44445.14,REP017,Online
O00289,CUST0014,Starter,NA,Q4,2023,35,472.81,16548.35,REP014,Inside Sales
O00290,CUST0093,Enterprise,LATAM,Q3,2024,43,279.56,12021.08,REP019,Direct
O00291,CUST0044,Enterprise,LATAM,Q3,2025,26,274.18,7128.68,REP022,Online
O00292,CUST0259,Enterprise,LATAM,Q2,2025,43,1087.51,46762.93,REP024,Inside Sales
O00293,CUST0023,Add-on AI,APAC,Q4,2025,41,172.56,7074.96,REP008,Direct
O00294,CUST0182,Add-on Analytics,NA,Q3,2023,38,1087.63,41329.94,REP016,Partner
O00295,CUST0284,Add-on AI,EMEA,Q2,2024,19,1701.77,32333.63,REP011,Inside Sales
O00296,CUST0298,API Credits,LATAM,Q3,2023,50,2330.97,116548.5,REP006,Online
O00297,CUST0145,Add-on AI,LATAM,Q1,2025,27,1769.93,47788.11,REP013,Partner
O00298,CUST0232,Add-on AI,APAC,Q3,2025,28,112.77,3157.56,REP005,Direct
O00299,CUST0053,Add-on Analytics,EMEA,Q4,2023,10,1424.04,14240.4,REP006,Online
O00300,CUST0280,Enterprise,NA,Q2,2025,27,724.28,19555.56,REP017,Partner
O00301,CUST0257,Enterprise,NA,Q3,2025,26,1355.12,35233.12,REP029,Inside Sales
O00302,CUST0270,Add-on Analytics,NA,Q2,2024,26,1224.83,31845.58,REP014,Direct
O00303,CUST0058,Add-on AI,EMEA,Q1,2023,20,230.94,4618.8,REP012,Partner
O00304,CUST0110,Add-on Analytics,LATAM,Q2,2025,27,314.5,8491.5,REP029,Direct
O00305,CUST0131,Starter,NA,Q3,2023,16,157.29,2516.64,REP013,Online
O00306,CUST0143,Starter,LATAM,Q1,2023,24,2270.75,54498.0,REP005,Online
O00307,CUST0017,Enterprise,APAC,Q1,2025,7,1100.85,7705.95,REP009,Direct
O00308,CUST0248,API Credits,NA,Q4,2024,5,1201.61,6008.05,REP025,Partner
O00309,CUST0280,API Credits,NA,Q3,2025,35,1454.42,50904.7,REP018,Direct
O00310,CUST0140,Pro Plan,LATAM,Q4,2024,36,406.38,14629.68,REP009,Inside Sales
O00311,CUST0202,API Credits,LATAM,Q1,2023,21,1575.24,33080.04,REP009,Inside Sales
O00312,CUST0282,Add-on Analytics,APAC,Q2,2025,38,1019.78,38751.64,REP030,Inside Sales
O00313,CUST0134,Starter,NA,Q3,2025,6,851.95,5111.7,REP004,Direct
O00314,CUST0030,API Credits,LATAM,Q2,2025,39,1714.83,66878.37,REP012,Partner
O00315,CUST0037,Add-on Analytics,NA,Q4,2025,3,910.59,2731.77,REP014,Direct
O00316,CUST0285,Add-on Analytics,EMEA,Q2,2025,35,1894.13,66294.55,REP014,Online
O00317,CUST0052,Add-on AI,APAC,Q2,2024,46,1636.67,75286.82,REP011,Online
O00318,CUST0013,Add-on AI,APAC,Q1,2024,32,68.81,2201.92,REP026,Partner
O00319,CUST0025,Starter,LATAM,Q3,2025,38,663.03,25195.14,REP013,Online
O00320,CUST0168,Add-on Analytics,APAC,Q4,2024,32,1055.63,33780.16,REP006,Direct
O00321,CUST0251,Add-on Analytics,APAC,Q3,2024,28,2169.69,60751.32,REP018,Direct
O00322,CUST0114,Enterprise,NA,Q4,2024,50,831.38,41569.0,REP014,Partner
O00323,CUST0196,Enterprise,EMEA,Q2,2024,17,2007.38,34125.46,REP025,Inside Sales
O00324,CUST0204,API Credits,APAC,Q3,2025,19,182.77,3472.63,REP020,Online
O00325,CUST0218,Enterprise,EMEA,Q2,2023,1,1752.24,1752.24,REP004,Partner
O00326,CUST0232,Add-on Analytics,LATAM,Q2,2024,12,2410.03,28920.36,REP023,Inside Sales
O00327,CUST0035,Add-on Analytics,NA,Q3,2024,9,1921.33,17291.97,REP004,Direct
O00328,CUST0048,Starter,APAC,Q2,2024,46,2459.56,113139.76,REP018,Inside Sales
O00329,CUST0275,Pro Plan,NA,Q1,2023,49,2265.87,111027.63,REP016,Inside Sales
O00330,CUST0066,Enterprise,NA,Q4,2025,32,2479.51,79344.32,REP006,Online
O00331,CUST0210,Starter,EMEA,Q4,2023,18,1142.98,20573.64,REP021,Inside Sales
O00332,CUST0085,Pro Plan,EMEA,Q1,2023,47,321.72,15120.84,REP017,Online
O00333,CUST0176,Enterprise,LATAM,Q2,2025,49,2217.02,108633.98,REP012,Inside Sales
O00334,CUST0087,Starter,APAC,Q1,2024,36,908.37,32701.32,REP017,Partner
O00335,CUST0120,Add-on AI,APAC,Q3,2023,8,1695.79,13566.32,REP029,Online
O00336,CUST0220,Starter,APAC,Q3,2024,4,127.02,508.08,REP021,Online
O00337,CUST0075,Enterprise,NA,Q3,2025,30,879.42,26382.6,REP004,Partner
O00338,CUST0147,Add-on AI,LATAM,Q2,2023,46,2462.58,113278.68,REP022,Direct
O00339,CUST0106,Enterprise,APAC,Q4,2024,50,1025.45,51272.5,REP021,Partner
O00340,CUST0285,Add-on AI,LATAM,Q4,2023,2,519.49,1038.98,REP022,Partner
O00341,CUST0278,Pro Plan,NA,Q1,2024,23,1799.83,41396.09,REP020,Inside Sales
O00342,CUST0100,Pro Plan,LATAM,Q2,2023,17,855.93,14550.81,REP020,Partner
O00343,CUST0075,Starter,EMEA,Q3,2025,35,1282.45,44885.75,REP011,Partner
O00344,CUST0054,Add-on AI,NA,Q3,2023,3,2151.7,6455.1,REP023,Inside Sales
O00345,CUST0035,Add-on Analytics,APAC,Q4,2024,33,752.18,24821.94,REP006,Online
O00346,CUST0134,Starter,LATAM,Q3,2024,43,2391.0,102813.0,REP002,Partner
O00347,CUST0112,Add-on Analytics,NA,Q3,2025,5,1214.02,6070.1,REP001,Online
O00348,CUST0275,Add-on Analytics,APAC,Q2,2025,39,352.17,13734.63,REP028,Inside Sales
O00349,CUST0080,API Credits,NA,Q4,2025,34,1310.51,44557.34,REP010,Online
O00350,CUST0246,Pro Plan,APAC,Q4,2025,45,375.47,16896.15,REP027,Inside Sales
O00351,CUST0046,API Credits,LATAM,Q2,2024,25,619.75,15493.75,REP023,Online
O00352,CUST0286,API Credits,EMEA,Q2,2024,9,2266.17,20395.53,REP019,Inside Sales
O00353,CUST0053,Enterprise,NA,Q2,2025,16,633.75,10140.0,REP021,Inside Sales
O00354,CUST0291,Enterprise,EMEA,Q1,2024,11,2362.07,25982.77,REP017,Direct
O00355,CUST0060,Pro Plan,EMEA,Q2,2023,10,346.76,3467.6,REP008,Partner
O00356,CUST0198,Add-on Analytics,LATAM,Q1,2023,5,1744.58,8722.9,REP013,Direct
O00357,CUST0286,API Credits,LATAM,Q1,2023,33,2111.12,69666.96,REP023,Inside Sales
O00358,CUST0152,Enterprise,APAC,Q1,2023,36,254.85,9174.6,REP013,Direct
O00359,CUST0284,Starter,APAC,Q3,2023,47,626.32,29437.04,REP021,Partner
O00360,CUST0248,Starter,LATAM,Q1,2025,33,1900.04,62701.32,REP026,Partner
O00361,CUST0162,API Credits,NA,Q2,2024,20,1051.24,21024.8,REP002,Direct
O00362,CUST0235,Add-on Analytics,EMEA,Q2,2025,50,2486.73,124336.5,REP001,Online
O00363,CUST0225,Pro Plan,APAC,Q3,2024,48,1491.4,71587.2,REP001,Direct
O00364,CUST0138,Pro Plan,NA,Q4,2024,43,1005.34,43229.62,REP001,Inside Sales
O00365,CUST0116,Starter,NA,Q3,2024,6,1786.95,10721.7,REP026,Inside Sales
O00366,CUST0138,Add-on AI,LATAM,Q3,2023,26,1554.59,40419.34,REP002,Direct
O00367,CUST0215,Add-on AI,EMEA,Q3,2025,49,526.89,25817.61,REP010,Partner
O00368,CUST0208,Enterprise,LATAM,Q4,2025,47,1440.3,67694.1,REP020,Inside Sales
O00369,CUST0286,Add-on AI,NA,Q1,2025,15,1372.84,20592.6,REP016,Inside Sales
O00370,CUST0220,Enterprise,APAC,Q1,2024,2,958.94,1917.88,REP015,Direct
O00371,CUST0122,Enterprise,NA,Q4,2024,2,1748.37,3496.74,REP003,Partner
O00372,CUST0233,API Credits,EMEA,Q4,2025,49,2471.22,121089.78,REP013,Direct
O00373,CUST0293,Starter,EMEA,Q3,2023,36,2144.21,77191.56,REP003,Inside Sales
O00374,CUST0061,Add-on Analytics,LATAM,Q3,2024,33,820.17,27065.61,REP015,Online
O00375,CUST0152,Add-on Analytics,EMEA,Q1,2025,48,388.03,18625.44,REP026,Direct
O00376,CUST0283,Enterprise,APAC,Q1,2025,44,2003.22,88141.68,REP003,Inside Sales
O00377,CUST0073,Add-on AI,LATAM,Q2,2024,18,483.71,8706.78,REP011,Direct
O00378,CUST0136,API Credits,APAC,Q4,2023,46,2210.02,101660.92,REP009,Partner
O00379,CUST0191,Add-on Analytics,NA,Q1,2025,23,1718.49,39525.27,REP011,Inside Sales
O00380,CUST0188,Add-on Analytics,NA,Q2,2023,37,396.76,14680.12,REP023,Direct
O00381,CUST0176,Add-on Analytics,APAC,Q1,2023,41,1028.28,42159.48,REP002,Inside Sales
O00382,CUST0241,Enterprise,EMEA,Q2,2023,9,732.19,6589.71,REP030,Online
O00383,CUST0267,API Credits,EMEA,Q3,2023,4,267.95,1071.8,REP006,Online
O00384,CUST0215,Pro Plan,LATAM,Q4,2023,6,383.81,2302.86,REP030,Online
O00385,CUST0180,Add-on AI,NA,Q1,2024,5,194.35,971.75,REP003,Direct
O00386,CUST0238,Pro Plan,NA,Q3,2023,40,486.1,19444.0,REP011,Partner
O00387,CUST0186,Enterprise,LATAM,Q4,2023,48,2206.27,105900.96,REP002,Partner
O00388,CUST0221,Add-on AI,APAC,Q2,2023,3,1182.82,3548.46,REP022,Direct
O00389,CUST0045,Add-on AI,APAC,Q1,2024,17,2269.82,38586.94,REP018,Online
O00390,CUST0291,Add-on AI,LATAM,Q3,2023,42,395.08,16593.36,REP014,Partner
O00391,CUST0143,Add-on Analytics,NA,Q4,2024,9,1508.19,13573.71,REP014,Direct
O00392,CUST0276,Pro Plan,EMEA,Q2,2024,13,2021.7,26282.1,REP029,Direct
O00393,CUST0181,Add-on AI,LATAM,Q1,2024,22,161.24,3547.28,REP008,Partner
O00394,CUST0185,Add-on Analytics,APAC,Q1,2024,19,572.67,10880.73,REP017,Partner
O00395,CUST0208,Starter,LATAM,Q3,2023,27,1348.35,36405.45,REP002,Inside Sales
O00396,CUST0129,Starter,EMEA,Q4,2023,38,1392.49,52914.62,REP018,Online
O00397,CUST0153,Add-on Analytics,EMEA,Q2,2024,15,987.43,14811.45,REP018,Direct
O00398,CUST0228,Starter,NA,Q3,2024,4,1141.51,4566.04,REP013,Online
O00399,CUST0187,Add-on Analytics,EMEA,Q4,2025,22,913.48,20096.56,REP007,Partner
O00400,CUST0171,Starter,NA,Q1,2025,3,1375.06,4125.18,REP002,Inside Sales
O00401,CUST0053,Enterprise,NA,Q3,2025,2,1681.9,3363.8,REP003,Direct
O00402,CUST0010,Enterprise,APAC,Q4,2025,25,282.15,7053.75,REP026,Online
O00403,CUST0091,Enterprise,NA,Q4,2025,25,182.26,4556.5,REP013,Online
O00404,CUST0043,API Credits,EMEA,Q2,2024,18,1761.65,31709.7,REP001,Direct
O00405,CUST0290,Starter,NA,Q2,2023,29,2257.74,65474.46,REP001,Partner
O00406,CUST0057,Starter,EMEA,Q4,2025,4,243.4,973.6,REP028,Partner
O00407,CUST0133,Add-on Analytics,APAC,Q3,2025,44,1731.66,76193.04,REP002,Inside Sales
O00408,CUST0227,API Credits,EMEA,Q3,2023,32,294.74,9431.68,REP028,Partner
O00409,CUST0182,API Credits,APAC,Q4,2025,36,171.32,6167.52,REP021,Direct
O00410,CUST0025,Pro Plan,LATAM,Q2,2025,49,2081.62,101999.38,REP010,Partner
O00411,CUST0297,Pro Plan,NA,Q3,2025,1,548.0,548.0,REP009,Online
O00412,CUST0260,Add-on AI,APAC,Q2,2023,14,1099.6,15394.4,REP003,Direct
O00413,CUST0114,API Credits,APAC,Q3,2025,40,2279.15,91166.0,REP029,Partner
O00414,CUST0192,API Credits,APAC,Q3,2024,49,1887.6,92492.4,REP005,Direct
O00415,CUST0209,Add-on Analytics,NA,Q3,2024,5,131.48,657.4,REP021,Direct
O00416,CUST0281,Pro Plan,NA,Q4,2025,28,2360.12,66083.36,REP018,Inside Sales
O00417,CUST0124,Add-on Analytics,APAC,Q4,2024,17,158.02,2686.34,REP023,Partner
O00418,CUST0148,Starter,APAC,Q2,2025,13,1447.18,18813.34,REP028,Partner
O00419,CUST0194,Enterprise,APAC,Q1,2023,26,1252.4,32562.4,REP011,Direct
O00420,CUST0006,Pro Plan,LATAM,Q2,2023,41,902.45,37000.45,REP007,Inside Sales
O00421,CUST0095,Starter,NA,Q3,2024,9,2252.17,20269.53,REP015,Online
O00422,CUST0294,API Credits,EMEA,Q2,2025,4,1587.95,6351.8,REP008,Partner
O00423,CUST0017,Add-on AI,NA,Q3,2024,7,220.87,1546.09,REP021,Inside Sales
O00424,CUST0277,Add-on AI,LATAM,Q1,2024,16,63.77,1020.32,REP017,Online
O00425,CUST0060,Pro Plan,LATAM,Q2,2023,10,2221.68,22216.8,REP013,Inside Sales
O00426,CUST0145,API Credits,APAC,Q2,2023,40,2322.42,92896.8,REP030,Inside Sales
O00427,CUST0279,Add-on Analytics,APAC,Q3,2025,36,1985.39,71474.04,REP028,Partner
O00428,CUST0217,Starter,EMEA,Q1,2023,38,1855.52,70509.76,REP013,Direct
O00429,CUST0092,Pro Plan,EMEA,Q2,2023,27,1694.04,45739.08,REP015,Online
O00430,CUST0237,Add-on Analytics,NA,Q3,2025,12,240.46,2885.52,REP023,Partner
O00431,CUST0177,Enterprise,EMEA,Q1,2024,8,272.54,2180.32,REP023,Direct
O00432,CUST0087,Pro Plan,EMEA,Q2,2023,28,1766.04,49449.12,REP003,Online
O00433,CUST0003,API Credits,APAC,Q1,2025,37,2279.16,84328.92,REP019,Direct
O00434,CUST0224,Enterprise,APAC,Q4,2023,50,324.56,16228.0,REP011,Direct
O00435,CUST0241,Enterprise,NA,Q3,2025,48,1186.19,56937.12,REP013,Direct
O00436,CUST0111,Pro Plan,LATAM,Q1,2024,16,1222.94,19567.04,REP020,Partner
O00437,CUST0160,Pro Plan,NA,Q4,2023,33,726.47,23973.51,REP017,Partner
O00438,CUST0001,Pro Plan,EMEA,Q2,2025,49,1218.09,59686.41,REP018,Partner
O00439,CUST0118,Enterprise,EMEA,Q3,2025,9,1581.92,14237.28,REP002,Online
O00440,CUST0143,API Credits,EMEA,Q1,2024,18,1243.82,22388.76,REP024,Partner
O00441,CUST0185,Add-on AI,EMEA,Q1,2023,27,2436.15,65776.05,REP023,Direct
O00442,CUST0066,Pro Plan,EMEA,Q2,2025,41,1850.23,75859.43,REP002,Online
O00443,CUST0225,Add-on Analytics,APAC,Q2,2023,9,369.93,3329.37,REP028,Partner
O00444,CUST0022,Enterprise,NA,Q1,2023,24,1808.74,43409.76,REP014,Online
O00445,CUST0002,API Credits,NA,Q1,2024,17,1019.89,17338.13,REP012,Partner
O00446,CUST0300,Pro Plan,EMEA,Q4,2024,30,921.85,27655.5,REP005,Direct
O00447,CUST0046,Add-on Analytics,NA,Q1,2025,11,2477.14,27248.54,REP016,Online
O00448,CUST0082,Add-on AI,EMEA,Q4,2025,3,2158.47,6475.41,REP004,Direct
O00449,CUST0142,Pro Plan,LATAM,Q3,2023,48,1375.97,66046.56,REP013,Partner
O00450,CUST0104,Pro Plan,LATAM,Q2,2025,6,2013.57,12081.42,REP016,Direct
O00451,CUST0189,Add-on Analytics,LATAM,Q1,2024,26,1415.09,36792.34,REP015,Direct
O00452,CUST0079,Pro Plan,LATAM,Q4,2023,45,1015.3,45688.5,REP012,Online
O00453,CUST0131,Starter,NA,Q1,2024,38,753.0,28614.0,REP015,Inside Sales
O00454,CUST0097,API Credits,EMEA,Q4,2023,44,800.12,35205.28,REP019,Inside Sales
O00455,CUST0193,Enterprise,LATAM,Q3,2023,20,1635.7,32714.0,REP007,Partner
O00456,CUST0061,Pro Plan,APAC,Q2,2024,9,1112.91,10016.19,REP005,Online
O00457,CUST0176,API Credits,APAC,Q2,2024,43,386.74,16629.82,REP009,Partner
O00458,CUST0021,Add-on AI,LATAM,Q1,2025,33,2132.87,70384.71,REP020,Direct
O00459,CUST0160,API Credits,NA,Q4,2023,41,638.25,26168.25,REP022,Inside Sales
O00460,CUST0123,Enterprise,APAC,Q3,2023,13,1421.28,18476.64,REP015,Partner
O00461,CUST0121,Enterprise,EMEA,Q3,2025,4,943.44,3773.76,REP009,Partner
O00462,CUST0188,API Credits,LATAM,Q1,2025,16,239.99,3839.84,REP013,Direct
O00463,CUST0240,API Credits,LATAM,Q3,2025,18,956.0,17208.0,REP030,Online
O00464,CUST0138,API Credits,APAC,Q4,2024,30,1033.37,31001.1,REP007,Online
O00465,CUST0139,Add-on Analytics,LATAM,Q2,2024,24,1432.58,34381.92,REP030,Inside Sales
O00466,CUST0065,Pro Plan,EMEA,Q1,2024,14,2269.56,31773.84,REP011,Online
O00467,CUST0005,Add-on AI,APAC,Q3,2023,35,1759.47,61581.45,REP030,Online
O00468,CUST0074,Starter,APAC,Q1,2024,12,1913.02,22956.24,REP019,Inside Sales
O00469,CUST0123,Pro Plan,LATAM,Q4,2024,29,495.22,14361.38,REP028,Online
O00470,CUST0061,Starter,EMEA,Q2,2023,24,1953.45,46882.8,REP013,Direct
O00471,CUST0279,Add-on AI,EMEA,Q3,2023,43,2386.46,102617.78,REP008,Partner
O00472,CUST0159,Enterprise,NA,Q4,2023,20,1953.04,39060.8,REP015,Inside Sales
O00473,CUST0054,API Credits,NA,Q2,2025,50,1171.85,58592.5,REP001,Direct
O00474,CUST0073,Pro Plan,NA,Q4,2025,23,2303.39,52977.97,REP012,Inside Sales
O00475,CUST0108,Starter,APAC,Q1,2025,18,829.92,14938.56,REP024,Partner
O00476,CUST0256,Pro Plan,NA,Q4,2025,30,686.42,20592.6,REP016,Partner
O00477,CUST0271,Add-on Analytics,APAC,Q2,2025,44,112.02,4928.88,REP029,Partner
O00478,CUST0296,Add-on Analytics,LATAM,Q2,2024,30,1159.77,34793.1,REP022,Online
O00479,CUST0058,Starter,NA,Q4,2023,13,1196.67,15556.71,REP021,Direct
O00480,CUST0033,Pro Plan,APAC,Q3,2023,29,2334.45,67699.05,REP011,Direct
O00481,CUST0092,API Credits,EMEA,Q1,2023,10,1235.42,12354.2,REP003,Online
O00482,CUST0100,Pro Plan,LATAM,Q2,2024,30,1673.29,50198.7,REP001,Online
O00483,CUST0112,Add-on Analytics,NA,Q2,2025,45,1989.81,89541.45,REP016,Partner
O00484,CUST0178,Starter,EMEA,Q1,2023,8,535.38,4283.04,REP017,Inside Sales
O00485,CUST0096,Add-on AI,LATAM,Q2,2025,2,1522.29,3044.58,REP026,Partner
O00486,CUST0181,API Credits,EMEA,Q3,2023,47,965.15,45362.05,REP030,Partner
O00487,CUST0227,Enterprise,EMEA,Q2,2023,10,1617.84,16178.4,REP029,Partner
O00488,CUST0114,Starter,EMEA,Q1,2024,24,2139.52,51348.48,REP005,Partner
O00489,CUST0018,Add-on Analytics,LATAM,Q4,2024,6,1292.83,7756.98,REP003,Direct
O00490,CUST0255,Pro Plan,EMEA,Q4,2023,33,509.22,16804.26,REP027,Partner
O00491,CUST0064,Enterprise,LATAM,Q4,2023,7,84.69,592.83,REP004,Online
O00492,CUST0094,API Credits,NA,Q2,2025,44,1422.54,62591.76,REP028,Inside Sales
O00493,CUST0133,Add-on Analytics,LATAM,Q4,2025,49,692.24,33919.76,REP007,Online
O00494,CUST0111,API Credits,EMEA,Q4,2024,9,405.61,3650.49,REP005,Partner
O00495,CUST0150,Starter,EMEA,Q1,2025,7,1898.23,13287.61,REP012,Partner
O00496,CUST0208,Pro Plan,LATAM,Q2,2023,47,2397.97,112704.59,REP006,Online
O00497,CUST0200,Enterprise,LATAM,Q2,2024,42,170.81,7174.02,REP028,Partner
O00498,CUST0140,Add-on Analytics,LATAM,Q1,2025,8,1352.35,10818.8,REP009,Direct
O00499,CUST0118,Add-on AI,APAC,Q2,2023,32,1689.06,54049.92,REP025,Direct
O00500,CUST0037,Enterprise,LATAM,Q3,2023,1,2226.77,2226.77,REP006,Inside Sales
O00501,CUST0118,Add-on AI,LATAM,Q1,2025,19,1676.73,31857.87,REP022,Online
O00502,CUST0244,Pro Plan,APAC,Q4,2023,21,1839.72,38634.12,REP011,Online
O00503,CUST0189,Pro Plan,LATAM,Q1,2023,41,1666.24,68315.84,REP024,Online
O00504,CUST0176,Starter,LATAM,Q1,2023,37,1927.75,71326.75,REP009,Direct
O00505,CUST0109,Add-on AI,APAC,Q1,2025,47,971.14,45643.58,REP015,Inside Sales
O00506,CUST0001,Enterprise,NA,Q3,2023,4,1219.04,4876.16,REP009,Partner
O00507,CUST0255,Pro Plan,EMEA,Q4,2023,43,86.53,3720.79,REP024,Direct
O00508,CUST0293,Enterprise,LATAM,Q2,2024,5,2354.96,11774.8,REP029,Inside Sales
O00509,CUST0208,Pro Plan,LATAM,Q4,2025,37,1635.8,60524.6,REP007,Direct
O00510,CUST0119,Pro Plan,EMEA,Q2,2024,32,2238.33,71626.56,REP005,Inside Sales
O00511,CUST0174,API Credits,LATAM,Q4,2025,49,119.38,5849.62,REP021,Inside Sales
O00512,CUST0293,API Credits,APAC,Q3,2023,41,2343.12,96067.92,REP007,Direct
O00513,CUST0159,Enterprise,NA,Q1,2025,50,986.47,49323.5,REP017,Online
O00514,CUST0082,Pro Plan,NA,Q2,2023,8,404.59,3236.72,REP012,Direct
O00515,CUST0145,Add-on AI,LATAM,Q3,2024,25,717.1,17927.5,REP026,Online
O00516,CUST0072,Add-on Analytics,LATAM,Q4,2023,46,172.36,7928.56,REP013,Online
O00517,CUST0255,Add-on Analytics,APAC,Q3,2025,43,1918.16,82480.88,REP019,Inside Sales
O00518,CUST0104,Add-on Analytics,APAC,Q4,2024,6,1078.48,6470.88,REP014,Direct
O00519,CUST0126,Starter,APAC,Q3,2024,3,106.48,319.44,REP023,Partner
O00520,CUST0198,Starter,LATAM,Q4,2023,3,1492.72,4478.16,REP020,Partner
O00521,CUST0290,API Credits,APAC,Q4,2024,6,319.28,1915.68,REP005,Inside Sales
O00522,CUST0190,Add-on AI,LATAM,Q2,2024,14,171.39,2399.46,REP024,Direct
O00523,CUST0271,Enterprise,LATAM,Q2,2024,23,319.8,7355.4,REP014,Partner
O00524,CUST0161,Add-on AI,APAC,Q4,2024,16,2469.25,39508.0,REP030,Online
O00525,CUST0223,Enterprise,APAC,Q4,2024,19,1064.17,20219.23,REP011,Online
O00526,CUST0132,Pro Plan,APAC,Q3,2025,15,803.11,12046.65,REP020,Direct
O00527,CUST0125,API Credits,APAC,Q4,2025,39,1493.27,58237.53,REP009,Inside Sales
O00528,CUST0210,Starter,NA,Q3,2023,37,2208.25,81705.25,REP017,Partner
O00529,CUST0257,Add-on Analytics,EMEA,Q2,2023,4,1503.64,6014.56,REP020,Inside Sales
O00530,CUST0268,Add-on AI,APAC,Q2,2025,43,2053.05,88281.15,REP004,Partner
O00531,CUST0293,Add-on Analytics,EMEA,Q2,2023,1,2494.38,2494.38,REP002,Partner
O00532,CUST0168,Starter,APAC,Q1,2024,49,156.21,7654.29,REP007,Online
O00533,CUST0300,Enterprise,EMEA,Q4,2024,22,1207.91,26574.02,REP002,Partner
O00534,CUST0222,Starter,LATAM,Q1,2023,20,731.44,14628.8,REP030,Direct
O00535,CUST0028,Pro Plan,EMEA,Q2,2025,40,597.44,23897.6,REP029,Online
O00536,CUST0237,Starter,LATAM,Q1,2023,50,331.26,16563.0,REP028,Online
O00537,CUST0242,Pro Plan,LATAM,Q4,2023,22,1476.76,32488.72,REP026,Direct
O00538,CUST0283,Starter,EMEA,Q2,2023,17,1779.25,30247.25,REP009,Online
O00539,CUST0115,Add-on AI,APAC,Q4,2024,15,257.37,3860.55,REP002,Partner
O00540,CUST0081,API Credits,EMEA,Q3,2023,13,2080.59,27047.67,REP002,Partner
O00541,CUST0136,Add-on Analytics,EMEA,Q2,2024,30,767.25,23017.5,REP021,Direct
O00542,CUST0297,Add-on Analytics,LATAM,Q1,2024,15,1675.05,25125.75,REP026,Direct
O00543,CUST0073,Add-on AI,APAC,Q1,2025,42,818.79,34389.18,REP013,Direct
O00544,CUST0250,Add-on Analytics,APAC,Q2,2025,6,1634.25,9805.5,REP003,Inside Sales
O00545,CUST0164,Pro Plan,EMEA,Q3,2023,3,790.14,2370.42,REP008,Online
O00546,CUST0144,Add-on Analytics,LATAM,Q1,2023,11,2046.91,22516.01,REP011,Partner
O00547,CUST0082,Enterprise,EMEA,Q4,2024,47,2186.74,102776.78,REP005,Partner
O00548,CUST0170,Add-on Analytics,NA,Q2,2023,9,89.79,808.11,REP007,Partner
O00549,CUST0130,Add-on Analytics,LATAM,Q1,2023,2,587.68,1175.36,REP015,Direct
O00550,CUST0187,Pro Plan,LATAM,Q1,2025,28,1969.12,55135.36,REP028,Inside Sales
O00551,CUST0162,Enterprise,NA,Q2,2024,40,1544.4,61776.0,REP006,Online
O00552,CUST0089,Enterprise,APAC,Q3,2023,4,241.69,966.76,REP027,Inside Sales
O00553,CUST0068,Pro Plan,EMEA,Q2,2023,2,581.12,1162.24,REP018,Online
O00554,CUST0009,Pro Plan,LATAM,Q4,2023,38,2033.27,77264.26,REP023,Partner
O00555,CUST0192,Pro Plan,LATAM,Q2,2025,9,767.05,6903.45,REP027,Inside Sales
O00556,CUST0053,Add-on Analytics,LATAM,Q3,2025,35,1183.3,41415.5,REP011,Online
O00557,CUST0094,Starter,NA,Q4,2023,40,1977.32,79092.8,REP013,Online
O00558,CUST0241,API Credits,EMEA,Q2,2025,29,427.51,12397.79,REP011,Direct
O00559,CUST0300,API Credits,APAC,Q2,2023,21,1517.05,31858.05,REP013,Inside Sales
O00560,CUST0076,Enterprise,LATAM,Q3,2025,17,2291.4,38953.8,REP008,Partner
O00561,CUST0096,Pro Plan,EMEA,Q4,2025,50,2354.2,117710.0,REP003,Direct
O00562,CUST0263,Pro Plan,EMEA,Q1,2023,34,1171.83,39842.22,REP023,Online
O00563,CUST0038,Add-on Analytics,NA,Q4,2025,40,172.49,6899.6,REP028,Inside Sales
O00564,CUST0116,Add-on AI,EMEA,Q3,2025,3,2004.95,6014.85,REP012,Direct
O00565,CUST0163,API Credits,NA,Q3,2025,23,486.6,11191.8,REP016,Direct
O00566,CUST0199,API Credits,APAC,Q2,2023,10,2268.02,22680.2,REP008,Partner
O00567,CUST0149,Enterprise,EMEA,Q4,2023,11,102.59,1128.49,REP004,Inside Sales
O00568,CUST0134,Add-on AI,LATAM,Q2,2024,44,835.23,36750.12,REP028,Partner
O00569,CUST0277,Enterprise,EMEA,Q2,2025,48,53.69,2577.12,REP010,Online
O00570,CUST0266,Add-on Analytics,APAC,Q3,2024,2,796.6,1593.2,REP001,Online
O00571,CUST0192,Add-on AI,LATAM,Q4,2023,11,75.29,828.19,REP025,Online
O00572,CUST0098,API Credits,LATAM,Q1,2025,50,2193.64,109682.0,REP016,Online
O00573,CUST0108,Enterprise,APAC,Q2,2024,28,1604.92,44937.76,REP014,Partner
O00574,CUST0243,Starter,EMEA,Q3,2023,29,2307.14,66907.06,REP006,Online
O00575,CUST0205,Starter,NA,Q2,2023,27,247.36,6678.72,REP005,Partner
O00576,CUST0081,Enterprise,APAC,Q1,2025,24,1453.13,34875.12,REP004,Direct
O00577,CUST0163,Starter,LATAM,Q3,2024,14,153.0,2142.0,REP008,Inside Sales
O00578,CUST0079,API Credits,LATAM,Q2,2024,43,1814.49,78023.07,REP006,Online
O00579,CUST0172,API Credits,APAC,Q2,2023,28,973.61,27261.08,REP020,Direct
O00580,CUST0055,Enterprise,NA,Q3,2023,13,551.67,7171.71,REP002,Online
O00581,CUST0043,Enterprise,EMEA,Q2,2025,11,207.37,2281.07,REP004,Partner
O00582,CUST0058,API Credits,APAC,Q1,2024,48,775.38,37218.24,REP018,Partner
O00583,CUST0206,Starter,NA,Q4,2025,27,1362.67,36792.09,REP004,Direct
O00584,CUST0200,Starter,APAC,Q3,2024,36,1366.22,49183.92,REP025,Partner
O00585,CUST0258,Add-on Analytics,LATAM,Q1,2023,25,485.27,12131.75,REP021,Inside Sales
O00586,CUST0199,API Credits,LATAM,Q2,2024,34,851.87,28963.58,REP010,Inside Sales
O00587,CUST0067,Enterprise,APAC,Q3,2025,8,1509.69,12077.52,REP022,Partner
O00588,CUST0224,Enterprise,EMEA,Q1,2025,10,1801.4,18014.0,REP003,Partner
O00589,CUST0024,Starter,EMEA,Q2,2023,20,1740.93,34818.6,REP020,Online
O00590,CUST0262,Add-on AI,NA,Q2,2023,19,1845.21,35058.99,REP003,Inside Sales
O00591,CUST0143,Add-on AI,NA,Q4,2023,49,1045.32,51220.68,REP021,Partner
O00592,CUST0030,Enterprise,LATAM,Q2,2023,48,1396.4,67027.2,REP014,Inside Sales
O00593,CUST0002,Pro Plan,NA,Q1,2025,45,1875.56,84400.2,REP012,Partner
O00594,CUST0203,Enterprise,NA,Q2,2025,22,523.81,11523.82,REP001,Online
O00595,CUST0272,Enterprise,NA,Q1,2024,12,711.87,8542.44,REP030,Online
O00596,CUST0290,Add-on AI,NA,Q2,2024,40,468.74,18749.6,REP002,Inside Sales
O00597,CUST0235,Add-on Analytics,EMEA,Q4,2025,45,1108.88,49899.6,REP028,Partner
O00598,CUST0257,Add-on AI,LATAM,Q2,2025,14,2210.93,30953.02,REP022,Partner
O00599,CUST0043,Add-on AI,APAC,Q2,2024,27,2255.31,60893.37,REP021,Direct
O00600,CUST0127,Add-on Analytics,APAC,Q4,2023,26,1164.45,30275.7,REP025,Direct
O00601,CUST0259,Enterprise,EMEA,Q1,2023,13,429.88,5588.44,REP029,Partner
O00602,CUST0261,API Credits,EMEA,Q2,2023,44,1374.38,60472.72,REP012,Partner
O00603,CUST0033,Add-on AI,LATAM,Q4,2025,39,1834.39,71541.21,REP011,Direct
O00604,CUST0023,Add-on Analytics,APAC,Q4,2024,32,994.82,31834.24,REP027,Partner
O00605,CUST0137,Enterprise,NA,Q1,2025,35,1330.48,46566.8,REP020,Partner
O00606,CUST0060,Add-on Analytics,NA,Q4,2025,29,2393.48,69410.92,REP012,Inside Sales
O00607,CUST0255,Enterprise,NA,Q2,2025,45,782.33,35204.85,REP023,Partner
O00608,CUST0205,Add-on AI,LATAM,Q4,2024,24,1755.03,42120.72,REP025,Partner
O00609,CUST0230,Enterprise,APAC,Q3,2025,7,389.0,2723.0,REP020,Partner
O00610,CUST0223,API Credits,NA,Q3,2024,15,1525.74,22886.1,REP025,Inside Sales
O00611,CUST0012,Add-on Analytics,APAC,Q3,2023,38,2161.05,82119.9,REP021,Inside Sales
O00612,CUST0156,Pro Plan,LATAM,Q2,2025,27,1086.48,29334.96,REP019,Inside Sales
O00613,CUST0235,Starter,LATAM,Q4,2023,36,59.43,2139.48,REP009,Online
O00614,CUST0261,Enterprise,APAC,Q3,2024,18,234.41,4219.38,REP004,Inside Sales
O00615,CUST0266,API Credits,APAC,Q4,2023,19,2105.29,40000.51,REP007,Inside Sales
O00616,CUST0274,Pro Plan,APAC,Q1,2024,19,1952.19,37091.61,REP010,Online
O00617,CUST0264,Add-on Analytics,NA,Q1,2025,11,1674.06,18414.66,REP011,Partner
O00618,CUST0235,Pro Plan,LATAM,Q1,2023,11,1026.26,11288.86,REP013,Online
O00619,CUST0274,Starter,APAC,Q1,2023,35,488.9,17111.5,REP017,Direct
O00620,CUST0294,Add-on AI,EMEA,Q2,2023,36,2199.29,79174.44,REP028,Direct
O00621,CUST0277,Add-on AI,EMEA,Q3,2024,20,1683.56,33671.2,REP020,Inside Sales
O00622,CUST0213,Enterprise,NA,Q3,2025,7,1405.66,9839.62,REP005,Inside Sales
O00623,CUST0024,API Credits,APAC,Q3,2023,4,51.55,206.2,REP024,Inside Sales
O00624,CUST0183,API Credits,EMEA,Q4,2023,38,2227.08,84629.04,REP001,Online
O00625,CUST0290,Enterprise,LATAM,Q4,2024,7,1417.0,9919.0,REP018,Online
O00626,CUST0246,API Credits,NA,Q4,2024,37,176.88,6544.56,REP021,Direct
O00627,CUST0018,Pro Plan,NA,Q4,2023,27,2201.56,59442.12,REP021,Partner
O00628,CUST0119,Starter,APAC,Q4,2024,45,351.04,15796.8,REP010,Online
O00629,CUST0202,Add-on Analytics,APAC,Q2,2025,39,2348.45,91589.55,REP022,Online
O00630,CUST0192,Enterprise,APAC,Q4,2025,26,2055.33,53438.58,REP002,Inside Sales
O00631,CUST0177,Add-on AI,LATAM,Q2,2023,8,842.84,6742.72,REP028,Inside Sales
O00632,CUST0095,Enterprise,NA,Q2,2024,28,1931.89,54092.92,REP020,Direct
O00633,CUST0151,Add-on Analytics,NA,Q3,2023,14,2333.08,32663.12,REP009,Inside Sales
O00634,CUST0148,API Credits,APAC,Q3,2024,25,793.76,19844.0,REP012,Partner
O00635,CUST0119,Add-on AI,EMEA,Q4,2024,11,286.15,3147.65,REP011,Direct
O00636,CUST0179,Enterprise,NA,Q4,2023,9,754.3,6788.7,REP006,Direct
O00637,CUST0095,Pro Plan,NA,Q1,2025,16,1016.25,16260.0,REP030,Inside Sales
O00638,CUST0238,Add-on Analytics,EMEA,Q2,2025,10,1601.6,16016.0,REP014,Online
O00639,CUST0165,Add-on AI,APAC,Q2,2025,23,1411.43,32462.89,REP006,Partner
O00640,CUST0072,API Credits,APAC,Q3,2023,44,2112.16,92935.04,REP004,Inside Sales
O00641,CUST0044,Add-on Analytics,NA,Q1,2025,21,1248.67,26222.07,REP002,Online
O00642,CUST0158,Add-on AI,NA,Q1,2025,41,165.55,6787.55,REP009,Inside Sales
O00643,CUST0188,API Credits,EMEA,Q4,2024,18,1205.46,21698.28,REP012,Partner
O00644,CUST0152,Pro Plan,LATAM,Q3,2024,34,1842.91,62658.94,REP004,Online
O00645,CUST0134,Starter,EMEA,Q3,2025,37,1175.68,43500.16,REP002,Online
O00646,CUST0114,Enterprise,NA,Q2,2024,33,1359.07,44849.31,REP017,Partner
O00647,CUST0123,API Credits,EMEA,Q4,2023,5,1736.53,8682.65,REP014,Direct
O00648,CUST0286,Pro Plan,APAC,Q4,2025,35,2229.58,78035.3,REP026,Partner
O00649,CUST0147,Add-on AI,LATAM,Q4,2025,31,530.93,16458.83,REP006,Online
O00650,CUST0157,Add-on Analytics,APAC,Q1,2024,12,349.46,4193.52,REP027,Partner
O00651,CUST0263,Pro Plan,NA,Q3,2025,15,1232.45,18486.75,REP017,Direct
O00652,CUST0150,Starter,LATAM,Q3,2024,44,1222.0,53768.0,REP016,Direct
O00653,CUST0084,Add-on AI,LATAM,Q4,2024,48,978.3,46958.4,REP019,Direct
O00654,CUST0070,Add-on AI,APAC,Q3,2023,14,2043.4,28607.6,REP029,Inside Sales
O00655,CUST0295,Add-on AI,NA,Q4,2024,22,179.01,3938.22,REP023,Direct
O00656,CUST0175,Add-on Analytics,EMEA,Q1,2023,35,1509.16,52820.6,REP019,Direct
O00657,CUST0049,API Credits,NA,Q2,2025,46,883.93,40660.78,REP018,Inside Sales
O00658,CUST0200,Starter,APAC,Q3,2024,11,1643.85,18082.35,REP020,Inside Sales
O00659,CUST0190,Add-on Analytics,APAC,Q3,2024,11,1424.55,15670.05,REP021,Online
O00660,CUST0027,Enterprise,EMEA,Q2,2025,48,322.35,15472.8,REP003,Inside Sales
O00661,CUST0038,Enterprise,APAC,Q4,2025,35,1542.55,53989.25,REP017,Partner
O00662,CUST0169,Add-on AI,APAC,Q4,2023,30,85.25,2557.5,REP030,Online
O00663,CUST0106,Add-on Analytics,LATAM,Q3,2023,18,1997.27,35950.86,REP025,Partner
O00664,CUST0112,API Credits,NA,Q4,2025,7,253.35,1773.45,REP007,Online
O00665,CUST0296,Enterprise,LATAM,Q4,2025,8,1949.63,15597.04,REP027,Direct
O00666,CUST0012,API Credits,EMEA,Q3,2024,37,77.82,2879.34,REP027,Direct
O00667,CUST0162,Enterprise,LATAM,Q4,2024,37,165.14,6110.18,REP030,Inside Sales
O00668,CUST0161,API Credits,NA,Q2,2023,24,269.1,6458.4,REP025,Inside Sales
O00669,CUST0203,Pro Plan,NA,Q1,2025,21,528.14,11090.94,REP004,Partner
O00670,CUST0273,Enterprise,LATAM,Q1,2023,16,2398.39,38374.24,REP010,Partner
O00671,CUST0219,Pro Plan,NA,Q3,2024,8,646.21,5169.68,REP023,Online
O00672,CUST0146,Starter,NA,Q1,2025,46,351.39,16163.94,REP029,Partner
O00673,CUST0206,Pro Plan,APAC,Q3,2023,46,1179.54,54258.84,REP030,Inside Sales
O00674,CUST0226,Pro Plan,EMEA,Q2,2024,49,1035.04,50716.96,REP023,Online
O00675,CUST0124,Add-on AI,NA,Q4,2025,16,562.02,8992.32,REP023,Direct
O00676,CUST0221,Pro Plan,APAC,Q3,2025,21,2439.8,51235.8,REP021,Online
O00677,CUST0172,Add-on Analytics,LATAM,Q4,2025,16,260.57,4169.12,REP008,Inside Sales
O00678,CUST0060,Pro Plan,LATAM,Q2,2024,23,1985.14,45658.22,REP010,Partner
O00679,CUST0069,Add-on AI,EMEA,Q4,2025,40,154.34,6173.6,REP016,Inside Sales
O00680,CUST0279,Add-on AI,LATAM,Q2,2024,2,2145.39,4290.78,REP025,Inside Sales
O00681,CUST0152,Enterprise,NA,Q4,2023,22,2289.58,50370.76,REP013,Online
O00682,CUST0040,Pro Plan,NA,Q3,2023,46,1723.25,79269.5,REP020,Inside Sales
O00683,CUST0154,Add-on Analytics,APAC,Q3,2025,14,870.17,12182.38,REP002,Online
O00684,CUST0280,Pro Plan,EMEA,Q1,2023,13,1689.73,21966.49,REP016,Partner
O00685,CUST0107,Add-on Analytics,EMEA,Q1,2024,10,1242.19,12421.9,REP030,Direct
O00686,CUST0233,Pro Plan,EMEA,Q3,2025,17,1707.26,29023.42,REP019,Online
O00687,CUST0023,Add-on Analytics,LATAM,Q2,2023,37,1058.82,39176.34,REP013,Online
O00688,CUST0275,Starter,LATAM,Q1,2025,12,474.18,5690.16,REP025,Online
O00689,CUST0122,Starter,LATAM,Q3,2024,8,2146.41,17171.28,REP005,Inside Sales
O00690,CUST0011,API Credits,LATAM,Q1,2024,18,2226.25,40072.5,REP026,Direct
O00691,CUST0018,Enterprise,APAC,Q1,2024,18,1950.37,35106.66,REP007,Direct
O00692,CUST0184,Add-on AI,EMEA,Q4,2023,36,1201.24,43244.64,REP024,Partner
O00693,CUST0231,Pro Plan,APAC,Q2,2024,19,1914.4,36373.6,REP004,Partner
O00694,CUST0058,Starter,EMEA,Q1,2025,1,1575.59,1575.59,REP017,Inside Sales
O00695,CUST0069,Starter,APAC,Q1,2023,35,362.9,12701.5,REP026,Partner
O00696,CUST0088,Enterprise,NA,Q1,2024,5,1655.26,8276.3,REP020,Direct
O00697,CUST0138,Starter,NA,Q3,2024,30,378.18,11345.4,REP001,Direct
O00698,CUST0140,Pro Plan,EMEA,Q4,2025,38,2105.22,79998.36,REP006,Online
O00699,CUST0031,Add-on AI,LATAM,Q3,2023,36,1625.95,58534.2,REP023,Online
O00700,CUST0142,Add-on AI,LATAM,Q1,2025,10,403.29,4032.9,REP001,Inside Sales
O00701,CUST0295,Add-on Analytics,EMEA,Q2,2025,25,2458.26,61456.5,REP006,Partner
O00702,CUST0074,Enterprise,APAC,Q3,2023,32,2112.86,67611.52,REP001,Online
O00703,CUST0274,Add-on AI,NA,Q2,2023,27,294.21,7943.67,REP002,Partner
O00704,CUST0196,Enterprise,NA,Q3,2024,34,1107.47,37653.98,REP016,Direct
O00705,CUST0087,Pro Plan,EMEA,Q2,2025,26,1149.19,29878.94,REP025,Direct
O00706,CUST0122,Add-on Analytics,LATAM,Q1,2025,22,1959.61,43111.42,REP024,Partner
O00707,CUST0279,Add-on AI,NA,Q1,2025,24,531.65,12759.6,REP001,Online
O00708,CUST0031,Pro Plan,LATAM,Q4,2024,39,816.82,31855.98,REP008,Partner
O00709,CUST0237,Enterprise,LATAM,Q3,2025,1,113.69,113.69,REP003,Partner
O00710,CUST0048,Pro Plan,EMEA,Q1,2025,29,470.58,13646.82,REP018,Inside Sales
O00711,CUST0039,API Credits,LATAM,Q1,2025,33,1207.9,39860.7,REP016,Partner
O00712,CUST0130,Starter,APAC,Q2,2023,2,2020.45,4040.9,REP024,Inside Sales
O00713,CUST0281,Pro Plan,LATAM,Q1,2024,8,1445.22,11561.76,REP027,Direct
O00714,CUST0028,Enterprise,EMEA,Q4,2024,20,649.95,12999.0,REP025,Online
O00715,CUST0048,API Credits,LATAM,Q3,2023,12,933.34,11200.08,REP001,Partner
O00716,CUST0139,Pro Plan,EMEA,Q3,2023,14,2282.86,31960.04,REP024,Direct
O00717,CUST0243,Enterprise,LATAM,Q3,2024,48,2067.07,99219.36,REP020,Direct
O00718,CUST0181,Starter,NA,Q2,2025,12,1080.63,12967.56,REP008,Partner
O00719,CUST0154,API Credits,NA,Q4,2024,6,1646.29,9877.74,REP022,Partner
O00720,CUST0277,Starter,NA,Q3,2024,45,929.77,41839.65,REP013,Direct
O00721,CUST0057,Starter,NA,Q2,2023,7,1458.68,10210.76,REP006,Inside Sales
O00722,CUST0275,Add-on Analytics,APAC,Q4,2025,19,1844.64,35048.16,REP016,Inside Sales
O00723,CUST0031,Pro Plan,APAC,Q4,2023,14,1185.84,16601.76,REP010,Inside Sales
O00724,CUST0225,API Credits,NA,Q3,2023,33,1885.54,62222.82,REP019,Direct
O00725,CUST0291,Enterprise,NA,Q1,2024,19,1568.29,29797.51,REP014,Online
O00726,CUST0271,Enterprise,LATAM,Q1,2023,26,1449.64,37690.64,REP020,Partner
O00727,CUST0138,Add-on AI,LATAM,Q2,2024,15,732.58,10988.7,REP009,Inside Sales
O00728,CUST0294,Add-on AI,LATAM,Q1,2025,11,337.31,3710.41,REP011,Online
O00729,CUST0005,Enterprise,NA,Q4,2023,10,1800.32,18003.2,REP006,Partner
O00730,CUST0008,Starter,APAC,Q4,2025,48,413.54,19849.92,REP001,Partner
O00731,CUST0281,Add-on AI,LATAM,Q2,2023,4,100.52,402.08,REP008,Online
O00732,CUST0003,Pro Plan,NA,Q4,2024,16,1504.67,24074.72,REP004,Online
O00733,CUST0048,Add-on Analytics,EMEA,Q1,2024,1,106.7,106.7,REP027,Partner
O00734,CUST0234,API Credits,LATAM,Q2,2025,32,543.78,17400.96,REP024,Direct
O00735,CUST0173,Starter,NA,Q4,2023,35,1998.13,69934.55,REP028,Inside Sales
O00736,CUST0026,Pro Plan,APAC,Q4,2024,25,650.11,16252.75,REP022,Partner
O00737,CUST0126,Add-on Analytics,NA,Q2,2024,8,2231.28,17850.24,REP030,Direct
O00738,CUST0285,API Credits,APAC,Q1,2024,6,1672.27,10033.62,REP023,Online
O00739,CUST0159,Enterprise,NA,Q3,2025,10,1910.11,19101.1,REP007,Online
O00740,CUST0123,Starter,LATAM,Q1,2023,24,548.46,13163.04,REP014,Direct
O00741,CUST0129,Starter,APAC,Q4,2024,25,2361.45,59036.25,REP028,Inside Sales
O00742,CUST0049,Pro Plan,EMEA,Q4,2024,10,1804.48,18044.8,REP009,Direct
O00743,CUST0047,API Credits,EMEA,Q2,2025,50,1370.73,68536.5,REP030,Partner
O00744,CUST0148,Pro Plan,EMEA,Q2,2025,29,1511.34,43828.86,REP029,Inside Sales
O00745,CUST0036,Add-on Analytics,APAC,Q2,2023,34,899.29,30575.86,REP023,Online
O00746,CUST0184,API Credits,EMEA,Q2,2024,15,1984.69,29770.35,REP014,Online
O00747,CUST0009,Pro Plan,APAC,Q2,2023,23,2489.58,57260.34,REP003,Partner
O00748,CUST0170,Pro Plan,NA,Q1,2025,9,1401.57,12614.13,REP022,Inside Sales
O00749,CUST0168,Starter,NA,Q1,2025,12,1976.44,23717.28,REP010,Inside Sales
O00750,CUST0089,Enterprise,NA,Q1,2023,4,1188.39,4753.56,REP009,Inside Sales
O00751,CUST0288,Enterprise,EMEA,Q4,2023,4,258.87,1035.48,REP015,Direct
O00752,CUST0090,Enterprise,EMEA,Q1,2023,47,2203.5,103564.5,REP019,Inside Sales
O00753,CUST0136,Add-on AI,APAC,Q1,2024,6,356.48,2138.88,REP001,Inside Sales
O00754,CUST0133,Starter,LATAM,Q4,2024,49,846.5,41478.5,REP024,Direct
O00755,CUST0226,Add-on Analytics,EMEA,Q3,2025,12,2239.89,26878.68,REP028,Online
O00756,CUST0171,Enterprise,NA,Q4,2023,7,1574.0,11018.0,REP012,Inside Sales
O00757,CUST0077,Starter,EMEA,Q2,2025,20,1254.95,25099.0,REP012,Inside Sales
O00758,CUST0084,Starter,NA,Q1,2024,27,1360.16,36724.32,REP024,Partner
O00759,CUST0002,Add-on AI,LATAM,Q4,2025,12,1015.89,12190.68,REP028,Inside Sales
O00760,CUST0079,Enterprise,APAC,Q4,2024,45,1968.77,88594.65,REP003,Inside Sales
O00761,CUST0139,Add-on AI,APAC,Q4,2025,29,1301.06,37730.74,REP016,Inside Sales
O00762,CUST0107,Starter,NA,Q1,2025,11,1466.54,16131.94,REP002,Inside Sales
O00763,CUST0248,Starter,EMEA,Q1,2025,20,1276.47,25529.4,REP005,Partner
O00764,CUST0158,API Credits,LATAM,Q3,2024,14,803.62,11250.68,REP029,Inside Sales
O00765,CUST0222,Starter,APAC,Q2,2023,10,262.86,2628.6,REP006,Online
O00766,CUST0205,API Credits,APAC,Q3,2025,12,92.12,1105.44,REP026,Online
O00767,CUST0253,Enterprise,NA,Q1,2023,7,1692.92,11850.44,REP017,Partner
O00768,CUST0220,Enterprise,APAC,Q4,2023,1,2150.08,2150.08,REP008,Online
O00769,CUST0034,Add-on AI,APAC,Q3,2025,33,2025.41,66838.53,REP019,Inside Sales
O00770,CUST0010,Starter,NA,Q1,2024,26,686.19,17840.94,REP027,Direct
O00771,CUST0190,Starter,EMEA,Q1,2023,6,444.44,2666.64,REP022,Online
O00772,CUST0016,Pro Plan,LATAM,Q1,2025,12,655.48,7865.76,REP002,Online
O00773,CUST0052,API Credits,LATAM,Q4,2023,16,1266.84,20269.44,REP002,Direct
O00774,CUST0104,Pro Plan,LATAM,Q2,2023,4,2498.78,9995.12,REP018,Direct
O00775,CUST0007,Enterprise,APAC,Q1,2023,18,129.46,2330.28,REP030,Inside Sales
O00776,CUST0255,API Credits,NA,Q1,2023,7,1888.02,13216.14,REP019,Inside Sales
O00777,CUST0199,Enterprise,APAC,Q4,2023,50,1885.58,94279.0,REP022,Direct
O00778,CUST0239,Add-on AI,APAC,Q3,2023,38,1637.63,62229.94,REP028,Online
O00779,CUST0225,Starter,EMEA,Q1,2025,8,238.75,1910.0,REP011,Partner
O00780,CUST0286,Add-on AI,LATAM,Q1,2023,31,2310.43,71623.33,REP017,Direct
O00781,CUST0029,API Credits,EMEA,Q4,2023,50,1196.56,59828.0,REP015,Direct
O00782,CUST0263,Pro Plan,LATAM,Q4,2023,28,117.35,3285.8,REP027,Partner
O00783,CUST0197,Starter,LATAM,Q2,2023,44,1509.52,66418.88,REP016,Direct
O00784,CUST0021,Add-on Analytics,LATAM,Q2,2024,22,2101.88,46241.36,REP018,Direct
O00785,CUST0282,Starter,APAC,Q1,2023,19,1390.22,26414.18,REP015,Direct
O00786,CUST0151,Enterprise,EMEA,Q1,2023,42,679.39,28534.38,REP007,Inside Sales
O00787,CUST0020,Add-on Analytics,LATAM,Q2,2023,8,1007.22,8057.76,REP018,Online
O00788,CUST0011,Add-on Analytics,LATAM,Q4,2024,26,1682.64,43748.64,REP022,Online
O00789,CUST0126,Add-on AI,APAC,Q1,2024,40,1740.73,69629.2,REP023,Partner
O00790,CUST0209,Starter,EMEA,Q1,2024,4,1852.71,7410.84,REP013,Direct
O00791,CUST0187,Pro Plan,APAC,Q1,2024,1,583.08,583.08,REP029,Partner
O00792,CUST0058,Add-on AI,EMEA,Q3,2023,45,1882.74,84723.3,REP019,Partner
O00793,CUST0113,Pro Plan,NA,Q3,2025,19,1283.3,24382.7,REP010,Direct
O00794,CUST0162,Enterprise,NA,Q4,2025,5,2044.42,10222.1,REP005,Direct
O00795,CUST0187,API Credits,LATAM,Q3,2023,25,1216.86,30421.5,REP023,Online
O00796,CUST0169,Enterprise,APAC,Q4,2025,16,616.17,9858.72,REP018,Direct
O00797,CUST0061,Starter,LATAM,Q1,2023,21,91.84,1928.64,REP014,Online
O00798,CUST0300,Add-on Analytics,NA,Q2,2024,33,2059.64,67968.12,REP011,Inside Sales
O00799,CUST0057,Enterprise,NA,Q2,2025,22,836.33,18399.26,REP029,Inside Sales
O00800,CUST0191,Add-on AI,LATAM,Q4,2024,7,378.27,2647.89,REP017,Direct
O00801,CUST0024,API Credits,LATAM,Q3,2024,17,429.17,7295.89,REP006,Partner
O00802,CUST0150,Add-on Analytics,APAC,Q4,2023,10,774.31,7743.1,REP025,Online
O00803,CUST0184,Pro Plan,LATAM,Q4,2024,30,396.3,11889.0,REP004,Direct
O00804,CUST0238,Pro Plan,APAC,Q4,2023,4,2075.93,8303.72,REP013,Online
O00805,CUST0247,API Credits,NA,Q4,2025,42,1893.96,79546.32,REP007,Direct
O00806,CUST0272,Pro Plan,EMEA,Q4,2024,20,2447.82,48956.4,REP029,Inside Sales
O00807,CUST0167,API Credits,LATAM,Q3,2023,20,1282.97,25659.4,REP022,Partner
O00808,CUST0171,Starter,LATAM,Q4,2023,11,1428.43,15712.73,REP022,Inside Sales
O00809,CUST0154,Pro Plan,LATAM,Q2,2024,12,1409.75,16917.0,REP014,Inside Sales
O00810,CUST0194,API Credits,EMEA,Q3,2023,1,1141.03,1141.03,REP005,Inside Sales
O00811,CUST0107,API Credits,LATAM,Q1,2025,14,2360.54,33047.56,REP016,Inside Sales
O00812,CUST0271,Add-on Analytics,LATAM,Q2,2024,39,357.18,13930.02,REP020,Direct
O00813,CUST0135,Add-on AI,LATAM,Q4,2025,45,124.01,5580.45,REP019,Partner
O00814,CUST0190,Enterprise,APAC,Q2,2023,45,869.79,39140.55,REP001,Online
O00815,CUST0075,Add-on Analytics,EMEA,Q1,2025,34,2361.8,80301.2,REP019,Inside Sales
O00816,CUST0220,Starter,NA,Q1,2024,39,2141.7,83526.3,REP011,Partner
O00817,CUST0243,Add-on AI,LATAM,Q3,2024,29,191.54,5554.66,REP016,Online
O00818,CUST0040,Add-on AI,NA,Q3,2024,11,1119.02,12309.22,REP008,Online
O00819,CUST0207,API Credits,EMEA,Q2,2023,31,564.64,17503.84,REP015,Partner
O00820,CUST0076,Add-on Analytics,NA,Q2,2023,46,481.36,22142.56,REP004,Direct
O00821,CUST0219,Add-on AI,NA,Q4,2024,42,2223.17,93373.14,REP016,Direct
O00822,CUST0081,Add-on AI,APAC,Q4,2023,4,1959.62,7838.48,REP004,Online
O00823,CUST0120,Pro Plan,APAC,Q3,2025,26,1463.95,38062.7,REP006,Direct
O00824,CUST0092,Enterprise,NA,Q4,2025,1,557.96,557.96,REP029,Partner
O00825,CUST0137,Enterprise,LATAM,Q4,2025,36,84.09,3027.24,REP009,Inside Sales
O00826,CUST0037,Add-on Analytics,LATAM,Q1,2023,28,1388.6,38880.8,REP029,Direct
O00827,CUST0229,Pro Plan,APAC,Q2,2023,26,2313.43,60149.18,REP022,Direct
O00828,CUST0095,Add-on Analytics,LATAM,Q1,2024,38,535.8,20360.4,REP006,Online
O00829,CUST0058,Add-on Analytics,EMEA,Q3,2024,37,598.5,22144.5,REP019,Online
O00830,CUST0003,Add-on AI,EMEA,Q4,2024,16,2293.91,36702.56,REP019,Direct
O00831,CUST0180,Add-on AI,APAC,Q4,2024,17,199.12,3385.04,REP004,Partner
O00832,CUST0253,Enterprise,NA,Q2,2023,30,1766.75,53002.5,REP006,Direct
O00833,CUST0153,Add-on AI,LATAM,Q4,2023,23,1647.93,37902.39,REP002,Partner
O00834,CUST0170,Enterprise,LATAM,Q4,2025,27,1158.78,31287.06,REP028,Partner
O00835,CUST0136,Add-on AI,APAC,Q3,2024,14,1490.87,20872.18,REP001,Inside Sales
O00836,CUST0002,Add-on Analytics,LATAM,Q1,2025,35,1115.38,39038.3,REP012,Inside Sales
O00837,CUST0053,Add-on AI,EMEA,Q1,2023,3,1386.82,4160.46,REP020,Direct
O00838,CUST0191,Starter,EMEA,Q2,2023,50,240.5,12025.0,REP020,Direct
O00839,CUST0018,Add-on AI,EMEA,Q3,2024,35,1452.43,50835.05,REP006,Partner
O00840,CUST0004,Enterprise,EMEA,Q3,2023,16,555.41,8886.56,REP012,Direct
O00841,CUST0170,Starter,NA,Q1,2023,24,2269.38,54465.12,REP004,Partner
O00842,CUST0018,Enterprise,LATAM,Q3,2024,22,2000.73,44016.06,REP019,Online
O00843,CUST0126,Enterprise,EMEA,Q2,2025,13,1899.88,24698.44,REP010,Partner
O00844,CUST0004,Add-on AI,NA,Q4,2023,38,1095.55,41630.9,REP012,Partner
O00845,CUST0047,Enterprise,NA,Q1,2023,18,1894.01,34092.18,REP015,Online
O00846,CUST0069,Pro Plan,NA,Q4,2024,40,1522.8,60912.0,REP005,Partner
O00847,CUST0236,Starter,APAC,Q4,2024,13,234.37,3046.81,REP009,Partner
O00848,CUST0138,API Credits,NA,Q1,2023,25,496.52,12413.0,REP019,Partner
O00849,CUST0051,Add-on AI,EMEA,Q4,2024,40,2465.66,98626.4,REP006,Inside Sales
O00850,CUST0247,Starter,EMEA,Q4,2023,45,611.25,27506.25,REP024,Inside Sales
O00851,CUST0078,API Credits,LATAM,Q2,2024,18,1209.96,21779.28,REP009,Inside Sales
O00852,CUST0218,Pro Plan,LATAM,Q1,2023,45,112.24,5050.8,REP026,Partner
O00853,CUST0273,Starter,APAC,Q1,2023,37,1503.07,55613.59,REP028,Partner
O00854,CUST0055,Pro Plan,APAC,Q3,2023,13,457.23,5943.99,REP023,Partner
O00855,CUST0139,Enterprise,EMEA,Q3,2024,1,828.6,828.6,REP004,Direct
O00856,CUST0265,Add-on Analytics,LATAM,Q3,2023,43,2111.22,90782.46,REP030,Inside Sales
O00857,CUST0065,Starter,APAC,Q2,2024,30,1533.39,46001.7,REP028,Partner
O00858,CUST0131,API Credits,APAC,Q2,2023,33,1385.88,45734.04,REP023,Direct
O00859,CUST0278,Add-on Analytics,LATAM,Q2,2025,1,791.15,791.15,REP002,Inside Sales
O00860,CUST0102,Enterprise,EMEA,Q4,2025,25,2082.31,52057.75,REP025,Partner
O00861,CUST0030,Enterprise,APAC,Q4,2024,7,927.02,6489.14,REP015,Online
O00862,CUST0171,API Credits,APAC,Q4,2024,4,2214.38,8857.52,REP024,Partner
O00863,CUST0245,Enterprise,LATAM,Q2,2024,45,1121.25,50456.25,REP026,Partner
O00864,CUST0247,Enterprise,EMEA,Q1,2025,33,702.01,23166.33,REP012,Online
O00865,CUST0042,Add-on AI,LATAM,Q2,2025,21,1855.93,38974.53,REP006,Partner
O00866,CUST0055,Add-on AI,EMEA,Q2,2023,23,71.13,1635.99,REP012,Inside Sales
O00867,CUST0211,Enterprise,APAC,Q2,2024,29,471.65,13677.85,REP029,Partner
O00868,CUST0126,Starter,NA,Q1,2023,11,1992.65,21919.15,REP010,Partner
O00869,CUST0214,Add-on Analytics,EMEA,Q1,2023,39,1770.31,69042.09,REP027,Inside Sales
O00870,CUST0135,Starter,NA,Q1,2023,27,1026.33,27710.91,REP019,Online
O00871,CUST0146,API Credits,NA,Q4,2023,12,213.55,2562.6,REP001,Partner
O00872,CUST0295,Enterprise,EMEA,Q1,2023,48,1912.63,91806.24,REP012,Partner
O00873,CUST0238,Pro Plan,NA,Q2,2023,11,779.8,8577.8,REP019,Partner
O00874,CUST0011,Add-on AI,EMEA,Q4,2023,45,164.6,7407.0,REP015,Inside Sales
O00875,CUST0057,API Credits,LATAM,Q1,2024,26,738.42,19198.92,REP027,Direct
O00876,CUST0112,API Credits,APAC,Q4,2024,9,1007.76,9069.84,REP001,Direct
O00877,CUST0139,Add-on Analytics,NA,Q3,2023,30,474.99,14249.7,REP015,Inside Sales
O00878,CUST0102,Add-on Analytics,NA,Q2,2023,44,322.74,14200.56,REP001,Online
O00879,CUST0154,Enterprise,EMEA,Q3,2025,6,2414.24,14485.44,REP023,Direct
O00880,CUST0148,Pro Plan,EMEA,Q4,2024,18,2254.82,40586.76,REP015,Partner
O00881,CUST0268,Starter,LATAM,Q4,2024,43,2242.16,96412.88,REP014,Direct
O00882,CUST0150,Enterprise,NA,Q4,2025,14,1985.6,27798.4,REP027,Online
O00883,CUST0175,Pro Plan,LATAM,Q4,2023,31,853.09,26445.79,REP001,Direct
O00884,CUST0089,Starter,EMEA,Q4,2025,40,1433.35,57334.0,REP002,Partner
O00885,CUST0137,Starter,NA,Q3,2025,15,1140.98,17114.7,REP025,Inside Sales
O00886,CUST0172,Enterprise,LATAM,Q2,2023,18,896.11,16129.98,REP019,Online
O00887,CUST0085,Starter,APAC,Q4,2025,49,2493.71,122191.79,REP025,Online
O00888,CUST0287,Add-on AI,NA,Q2,2024,49,385.2,18874.8,REP009,Inside Sales
O00889,CUST0137,Pro Plan,NA,Q2,2023,34,1112.99,37841.66,REP001,Online
O00890,CUST0161,Add-on Analytics,APAC,Q2,2025,22,1583.26,34831.72,REP006,Direct
O00891,CUST0009,Pro Plan,EMEA,Q4,2025,18,624.42,11239.56,REP016,Direct
O00892,CUST0251,API Credits,LATAM,Q3,2025,28,172.28,4823.84,REP024,Direct
O00893,CUST0268,Starter,APAC,Q3,2023,30,1287.71,38631.3,REP007,Inside Sales
O00894,CUST0278,Add-on Analytics,APAC,Q1,2024,47,969.18,45551.46,REP029,Inside Sales
O00895,CUST0199,Enterprise,LATAM,Q3,2024,30,371.87,11156.1,REP018,Direct
O00896,CUST0045,Add-on AI,APAC,Q3,2025,20,2211.56,44231.2,REP027,Direct
O00897,CUST0086,Add-on AI,NA,Q1,2023,29,1214.68,35225.72,REP001,Online
O00898,CUST0288,Add-on Analytics,NA,Q3,2023,45,1163.33,52349.85,REP010,Partner
O00899,CUST0018,Starter,NA,Q3,2024,49,2211.64,108370.36,REP008,Partner
O00900,CUST0126,Enterprise,NA,Q4,2024,28,1500.74,42020.72,REP013,Inside Sales
O00901,CUST0208,Add-on Analytics,NA,Q4,2025,14,104.52,1463.28,REP018,Partner
O00902,CUST0244,Add-on AI,APAC,Q2,2025,12,1080.54,12966.48,REP025,Direct
O00903,CUST0260,Add-on Analytics,APAC,Q1,2025,29,1294.81,37549.49,REP007,Online
O00904,CUST0294,Add-on Analytics,EMEA,Q1,2024,31,1891.0,58621.0,REP010,Partner
O00905,CUST0162,API Credits,APAC,Q4,2024,2,1867.63,3735.26,REP028,Direct
O00906,CUST0061,API Credits,LATAM,Q3,2025,9,390.55,3514.95,REP002,Online
O00907,CUST0206,API Credits,LATAM,Q4,2025,49,240.49,11784.01,REP001,Inside Sales
O00908,CUST0036,Add-on Analytics,EMEA,Q4,2023,12,2105.39,25264.68,REP019,Direct
O00909,CUST0261,Add-on AI,NA,Q4,2023,38,1474.32,56024.16,REP022,Partner
O00910,CUST0166,Enterprise,EMEA,Q4,2023,36,427.1,15375.6,REP015,Direct
O00911,CUST0158,Add-on AI,APAC,Q4,2025,1,1358.04,1358.04,REP006,Inside Sales
O00912,CUST0275,API Credits,EMEA,Q3,2023,2,555.3,1110.6,REP029,Direct
O00913,CUST0010,Pro Plan,APAC,Q2,2024,20,1733.37,34667.4,REP012,Inside Sales
O00914,CUST0033,Add-on AI,APAC,Q4,2023,25,1517.1,37927.5,REP027,Inside Sales
O00915,CUST0272,Enterprise,APAC,Q2,2023,24,683.24,16397.76,REP008,Online
O00916,CUST0039,Add-on Analytics,NA,Q2,2023,45,409.41,18423.45,REP014,Inside Sales
O00917,CUST0139,API Credits,EMEA,Q1,2024,41,973.42,39910.22,REP022,Direct
O00918,CUST0027,Pro Plan,LATAM,Q3,2025,34,1470.75,50005.5,REP021,Online
O00919,CUST0001,Enterprise,LATAM,Q2,2025,33,278.23,9181.59,REP025,Direct
O00920,CUST0080,Add-on Analytics,APAC,Q1,2024,4,2345.44,9381.76,REP002,Inside Sales
O00921,CUST0277,Pro Plan,NA,Q1,2023,2,1307.28,2614.56,REP015,Partner
O00922,CUST0213,Add-on AI,EMEA,Q4,2023,34,455.73,15494.82,REP021,Online
O00923,CUST0016,API Credits,NA,Q3,2025,21,1893.05,39754.05,REP015,Partner
O00924,CUST0240,API Credits,APAC,Q3,2025,12,1621.89,19462.68,REP003,Direct
O00925,CUST0058,API Credits,LATAM,Q4,2025,1,1086.31,1086.31,REP028,Direct
O00926,CUST0008,Add-on AI,NA,Q2,2024,26,1010.19,26264.94,REP017,Partner
O00927,CUST0030,API Credits,EMEA,Q1,2023,40,344.11,13764.4,REP030,Inside Sales
O00928,CUST0112,Starter,LATAM,Q2,2025,17,737.5,12537.5,REP021,Partner
O00929,CUST0249,Pro Plan,NA,Q3,2024,34,1717.14,58382.76,REP006,Direct
O00930,CUST0084,API Credits,APAC,Q3,2025,43,399.38,17173.34,REP007,Inside Sales
O00931,CUST0080,Enterprise,LATAM,Q1,2025,6,2350.03,14100.18,REP012,Partner
O00932,CUST0292,Add-on Analytics,LATAM,Q1,2023,36,2278.21,82015.56,REP027,Direct
O00933,CUST0230,Pro Plan,EMEA,Q2,2025,25,1640.11,41002.75,REP030,Online
O00934,CUST0158,Pro Plan,APAC,Q2,2024,21,375.75,7890.75,REP012,Partner
O00935,CUST0273,Add-on Analytics,APAC,Q4,2024,33,1897.05,62602.65,REP025,Online
O00936,CUST0140,Add-on AI,EMEA,Q1,2023,26,2076.32,53984.32,REP004,Online
O00937,CUST0142,API Credits,LATAM,Q4,2024,16,1318.54,21096.64,REP014,Partner
O00938,CUST0196,Add-on Analytics,LATAM,Q2,2023,15,1098.32,16474.8,REP020,Inside Sales
O00939,CUST0298,Starter,LATAM,Q3,2025,5,366.9,1834.5,REP030,Partner
O00940,CUST0096,Add-on AI,LATAM,Q2,2025,4,2380.72,9522.88,REP006,Partner
O00941,CUST0197,Add-on Analytics,LATAM,Q4,2025,40,365.59,14623.6,REP003,Inside Sales
O00942,CUST0194,Add-on AI,EMEA,Q4,2023,13,2236.72,29077.36,REP019,Partner
O00943,CUST0245,Add-on Analytics,LATAM,Q2,2024,49,1404.47,68819.03,REP023,Inside Sales
O00944,CUST0223,Pro Plan,APAC,Q4,2025,12,961.81,11541.72,REP004,Partner
O00945,CUST0129,Add-on AI,EMEA,Q3,2025,12,169.7,2036.4,REP004,Online
O00946,CUST0044,Enterprise,EMEA,Q2,2025,34,1877.79,63844.86,REP013,Direct
O00947,CUST0026,API Credits,LATAM,Q1,2023,5,759.5,3797.5,REP030,Inside Sales
O00948,CUST0035,Starter,EMEA,Q2,2025,47,1880.13,88366.11,REP028,Direct
O00949,CUST0154,Pro Plan,NA,Q3,2025,37,223.26,8260.62,REP007,Inside Sales
O00950,CUST0241,Enterprise,NA,Q3,2023,41,2116.86,86791.26,REP019,Inside Sales
O00951,CUST0070,Starter,NA,Q3,2025,25,777.95,19448.75,REP011,Partner
O00952,CUST0119,Pro Plan,LATAM,Q1,2025,12,622.15,7465.8,REP014,Inside Sales
O00953,CUST0206,Enterprise,NA,Q1,2025,17,1418.81,24119.77,REP021,Online
O00954,CUST0044,Add-on Analytics,APAC,Q4,2025,9,2204.4,19839.6,REP008,Direct
O00955,CUST0270,Add-on Analytics,APAC,Q4,2025,27,1052.15,28408.05,REP016,Partner
O00956,CUST0158,Add-on Analytics,APAC,Q3,2023,20,657.38,13147.6,REP004,Partner
O00957,CUST0247,API Credits,APAC,Q3,2023,5,1658.79,8293.95,REP028,Inside Sales
O00958,CUST0254,Enterprise,EMEA,Q1,2023,4,1265.69,5062.76,REP003,Inside Sales
O00959,CUST0295,API Credits,EMEA,Q3,2023,15,1076.66,16149.9,REP002,Partner
O00960,CUST0037,Add-on AI,EMEA,Q3,2025,48,2097.77,100692.96,REP017,Inside Sales
O00961,CUST0153,API Credits,EMEA,Q2,2023,30,148.77,4463.1,REP026,Online
O00962,CUST0001,Starter,LATAM,Q3,2024,29,752.2,21813.8,REP014,Direct
O00963,CUST0066,Enterprise,APAC,Q4,2025,35,1069.16,37420.6,REP003,Direct
O00964,CUST0037,Add-on Analytics,NA,Q4,2024,21,236.73,4971.33,REP030,Online
O00965,CUST0086,Add-on AI,APAC,Q1,2024,45,635.29,28588.05,REP003,Online
O00966,CUST0019,Add-on AI,NA,Q3,2024,13,2430.42,31595.46,REP018,Online
O00967,CUST0041,API Credits,NA,Q1,2024,23,1384.29,31838.67,REP011,Inside Sales
O00968,CUST0201,API Credits,APAC,Q3,2024,46,2011.88,92546.48,REP008,Direct
O00969,CUST0243,Pro Plan,NA,Q4,2023,42,1255.15,52716.3,REP010,Direct
O00970,CUST0160,Pro Plan,APAC,Q2,2023,46,813.13,37403.98,REP001,Partner
O00971,CUST0013,API Credits,EMEA,Q2,2023,6,2020.47,12122.82,REP019,Inside Sales
O00972,CUST0021,Enterprise,APAC,Q4,2023,50,2352.44,117622.0,REP030,Inside Sales
O00973,CUST0228,Add-on AI,NA,Q3,2025,45,1872.17,84247.65,REP005,Inside Sales
O00974,CUST0047,Add-on Analytics,APAC,Q3,2023,39,1759.65,68626.35,REP023,Inside Sales
O00975,CUST0214,Enterprise,EMEA,Q2,2023,47,629.99,29609.53,REP002,Partner
O00976,CUST0258,Add-on AI,NA,Q4,2024,17,2132.51,36252.67,REP025,Inside Sales
O00977,CUST0286,Add-on Analytics,NA,Q4,2023,33,1813.59,59848.47,REP020,Partner
O00978,CUST0048,Add-on AI,APAC,Q1,2025,46,337.84,15540.64,REP028,Partner
O00979,CUST0075,Add-on Analytics,LATAM,Q1,2023,13,1717.84,22331.92,REP004,Direct
O00980,CUST0288,Pro Plan,APAC,Q3,2025,18,1406.18,25311.24,REP006,Inside Sales
O00981,CUST0207,Pro Plan,APAC,Q2,2023,43,342.3,14718.9,REP015,Partner
O00982,CUST0241,API Credits,NA,Q2,2023,21,603.43,12672.03,REP016,Inside Sales
O00983,CUST0246,API Credits,NA,Q3,2024,46,732.36,33688.56,REP028,Partner
O00984,CUST0149,Add-on Analytics,NA,Q2,2023,29,1889.25,54788.25,REP027,Online
O00985,CUST0249,Add-on Analytics,LATAM,Q2,2025,18,1082.0,19476.0,REP005,Inside Sales
O00986,CUST0296,Add-on Analytics,NA,Q2,2023,21,1772.65,37225.65,REP012,Partner
O00987,CUST0274,Starter,NA,Q1,2023,48,991.7,47601.6,REP005,Online
O00988,CUST0199,Add-on AI,LATAM,Q4,2025,29,64.55,1871.95,REP002,Online
O00989,CUST0203,Enterprise,LATAM,Q1,2024,16,151.75,2428.0,REP027,Direct
O00990,CUST0045,API Credits,LATAM,Q3,2023,9,1840.79,16567.11,REP009,Direct
O00991,CUST0061,Enterprise,NA,Q1,2023,14,1487.27,20821.78,REP026,Partner
O00992,CUST0135,Starter,EMEA,Q1,2023,24,381.38,9153.12,REP023,Partner
O00993,CUST0188,Enterprise,NA,Q4,2024,37,1195.35,44227.95,REP019,Partner
O00994,CUST0274,Add-on Analytics,NA,Q4,2023,4,1577.04,6308.16,REP005,Inside Sales
O00995,CUST0132,Starter,EMEA,Q3,2024,19,1670.89,31746.91,REP002,Online
O00996,CUST0145,API Credits,APAC,Q3,2025,36,2408.48,86705.28,REP030,Online
O00997,CUST0009,API Credits,NA,Q2,2025,6,354.67,2128.02,REP023,Inside Sales
O00998,CUST0146,Starter,APAC,Q3,2025,23,1347.01,30981.23,REP013,Inside Sales
O00999,CUST0190,Enterprise,NA,Q2,2023,39,1995.79,77835.81,REP016,Inside Sales
O01000,CUST0007,Enterprise,LATAM,Q1,2024,45,1048.13,47165.85,REP004,Inside Sales
O01001,CUST0230,Pro Plan,APAC,Q2,2024,35,1086.49,38027.15,REP015,Partner
O01002,CUST0181,Pro Plan,APAC,Q4,2024,2,371.15,742.3,REP017,Online
O01003,CUST0003,Pro Plan,LATAM,Q1,2023,24,2389.49,57347.76,REP008,Direct
O01004,CUST0028,Starter,LATAM,Q4,2024,7,824.28,5769.96,REP019,Direct
O01005,CUST0039,Enterprise,EMEA,Q3,2023,12,676.37,8116.44,REP019,Online
O01006,CUST0193,Starter,APAC,Q3,2024,37,700.1,25903.7,REP007,Direct
O01007,CUST0164,API Credits,LATAM,Q3,2025,30,1479.64,44389.2,REP004,Direct
O01008,CUST0208,Add-on AI,EMEA,Q4,2024,48,2344.99,112559.52,REP014,Online
O01009,CUST0166,API Credits,LATAM,Q4,2023,36,625.88,22531.68,REP009,Inside Sales
O01010,CUST0240,Pro Plan,EMEA,Q4,2025,1,966.93,966.93,REP008,Inside Sales
O01011,CUST0126,Pro Plan,NA,Q4,2025,6,1378.05,8268.3,REP019,Partner
O01012,CUST0251,Enterprise,EMEA,Q2,2023,39,931.71,36336.69,REP007,Partner
O01013,CUST0290,Add-on Analytics,APAC,Q4,2023,44,376.49,16565.56,REP009,Direct
O01014,CUST0084,Add-on Analytics,LATAM,Q2,2025,9,839.29,7553.61,REP013,Partner
O01015,CUST0122,Add-on AI,EMEA,Q3,2023,29,1209.82,35084.78,REP008,Online
O01016,CUST0094,Pro Plan,NA,Q2,2023,9,633.83,5704.47,REP009,Direct
O01017,CUST0090,Add-on AI,APAC,Q1,2024,40,512.8,20512.0,REP010,Partner
O01018,CUST0269,Enterprise,NA,Q2,2024,32,1666.62,53331.84,REP026,Inside Sales
O01019,CUST0138,API Credits,APAC,Q3,2024,6,854.23,5125.38,REP005,Inside Sales
O01020,CUST0036,Enterprise,EMEA,Q1,2024,21,1119.22,23503.62,REP004,Direct
O01021,CUST0126,Enterprise,EMEA,Q1,2025,26,1982.08,51534.08,REP006,Inside Sales
O01022,CUST0240,Enterprise,EMEA,Q2,2023,32,1151.03,36832.96,REP003,Inside Sales
O01023,CUST0245,Pro Plan,LATAM,Q1,2024,26,2325.02,60450.52,REP001,Partner
O01024,CUST0018,Starter,APAC,Q3,2023,16,977.21,15635.36,REP006,Online
O01025,CUST0020,API Credits,LATAM,Q2,2025,19,257.8,4898.2,REP026,Online
O01026,CUST0223,Add-on Analytics,APAC,Q1,2023,32,712.11,22787.52,REP017,Partner
O01027,CUST0292,Pro Plan,LATAM,Q4,2024,27,387.41,10460.07,REP027,Partner
O01028,CUST0098,Add-on AI,APAC,Q1,2023,16,1781.14,28498.24,REP021,Inside Sales
O01029,CUST0294,Add-on Analytics,APAC,Q3,2024,47,223.89,10522.83,REP011,Inside Sales
O01030,CUST0293,API Credits,LATAM,Q2,2023,34,2317.01,78778.34,REP024,Online
O01031,CUST0260,Add-on Analytics,NA,Q1,2024,39,2289.04,89272.56,REP019,Online
O01032,CUST0107,Enterprise,LATAM,Q3,2023,19,1513.18,28750.42,REP025,Inside Sales
O01033,CUST0114,Add-on AI,APAC,Q3,2023,9,372.88,3355.92,REP029,Inside Sales
O01034,CUST0281,Add-on AI,NA,Q1,2023,7,434.52,3041.64,REP022,Direct
O01035,CUST0174,Enterprise,APAC,Q3,2025,19,1427.84,27128.96,REP001,Direct
O01036,CUST0084,Enterprise,EMEA,Q1,2023,44,1153.55,50756.2,REP027,Online
O01037,CUST0083,Starter,LATAM,Q4,2024,12,2075.44,24905.28,REP023,Inside Sales
O01038,CUST0270,Enterprise,EMEA,Q4,2023,33,1947.16,64256.28,REP007,Inside Sales
O01039,CUST0149,Pro Plan,LATAM,Q4,2023,22,1660.3,36526.6,REP017,Direct
O01040,CUST0103,API Credits,APAC,Q4,2025,5,2469.25,12346.25,REP019,Online
O01041,CUST0295,Add-on AI,APAC,Q4,2024,30,1881.6,56448.0,REP013,Direct
O01042,CUST0138,Add-on AI,LATAM,Q3,2025,28,1732.41,48507.48,REP007,Partner
O01043,CUST0203,Pro Plan,NA,Q1,2025,29,427.7,12403.3,REP027,Direct
O01044,CUST0068,Pro Plan,NA,Q2,2024,6,991.27,5947.62,REP014,Online
O01045,CUST0260,Add-on Analytics,APAC,Q3,2024,47,1151.57,54123.79,REP011,Inside Sales
O01046,CUST0184,Add-on Analytics,APAC,Q4,2024,21,1891.44,39720.24,REP004,Partner
O01047,CUST0004,Pro Plan,LATAM,Q3,2024,28,722.76,20237.28,REP017,Inside Sales
O01048,CUST0068,Starter,NA,Q3,2025,27,2030.47,54822.69,REP012,Direct
O01049,CUST0055,Enterprise,EMEA,Q4,2024,23,675.62,15539.26,REP029,Online
O01050,CUST0242,Starter,NA,Q3,2024,5,1936.11,9680.55,REP005,Partner
O01051,CUST0219,Pro Plan,EMEA,Q2,2025,27,2284.77,61688.79,REP027,Online
O01052,CUST0011,Enterprise,LATAM,Q4,2023,47,205.63,9664.61,REP007,Direct
O01053,CUST0263,API Credits,LATAM,Q3,2024,10,2294.95,22949.5,REP002,Partner
O01054,CUST0277,Add-on AI,EMEA,Q1,2025,22,1841.74,40518.28,REP001,Online
O01055,CUST0007,Add-on AI,LATAM,Q1,2023,18,1686.53,30357.54,REP021,Direct
O01056,CUST0295,Add-on Analytics,EMEA,Q4,2025,32,2176.62,69651.84,REP027,Online
O01057,CUST0108,Starter,LATAM,Q3,2023,36,708.38,25501.68,REP020,Online
O01058,CUST0238,Enterprise,APAC,Q1,2024,21,2290.21,48094.41,REP025,Inside Sales
O01059,CUST0008,Add-on AI,APAC,Q4,2024,33,2435.52,80372.16,REP016,Partner
O01060,CUST0300,API Credits,NA,Q3,2025,2,2226.26,4452.52,REP005,Inside Sales
O01061,CUST0139,Enterprise,NA,Q1,2023,46,1561.63,71834.98,REP026,Partner
O01062,CUST0072,Starter,APAC,Q1,2024,34,1521.14,51718.76,REP020,Direct
O01063,CUST0117,Pro Plan,LATAM,Q4,2023,20,426.23,8524.6,REP022,Inside Sales
O01064,CUST0186,Add-on AI,APAC,Q4,2024,35,1120.13,39204.55,REP004,Online
O01065,CUST0268,API Credits,EMEA,Q1,2025,28,1857.64,52013.92,REP007,Direct
O01066,CUST0267,Add-on Analytics,APAC,Q2,2025,21,1977.43,41526.03,REP004,Inside Sales
O01067,CUST0087,Add-on Analytics,NA,Q2,2023,42,1927.81,80968.02,REP024,Online
O01068,CUST0085,Add-on Analytics,LATAM,Q4,2025,40,1904.02,76160.8,REP027,Inside Sales
O01069,CUST0228,Enterprise,NA,Q3,2025,14,291.71,4083.94,REP013,Inside Sales
O01070,CUST0045,Starter,NA,Q2,2025,14,1660.15,23242.1,REP026,Direct
O01071,CUST0076,Add-on Analytics,APAC,Q4,2025,33,416.47,13743.51,REP027,Online
O01072,CUST0012,Add-on Analytics,EMEA,Q3,2024,40,1394.46,55778.4,REP008,Partner
O01073,CUST0243,Pro Plan,LATAM,Q4,2025,10,589.16,5891.6,REP020,Direct
O01074,CUST0294,Pro Plan,NA,Q2,2023,15,1205.24,18078.6,REP023,Inside Sales
O01075,CUST0230,Pro Plan,APAC,Q3,2024,46,1378.27,63400.42,REP026,Inside Sales
O01076,CUST0037,API Credits,LATAM,Q4,2025,21,1773.0,37233.0,REP014,Inside Sales
O01077,CUST0040,Add-on AI,NA,Q3,2024,13,1503.7,19548.1,REP027,Inside Sales
O01078,CUST0299,Pro Plan,APAC,Q2,2024,33,212.46,7011.18,REP016,Direct
O01079,CUST0200,Enterprise,LATAM,Q3,2024,33,2469.54,81494.82,REP027,Partner
O01080,CUST0106,Add-on AI,NA,Q3,2025,33,1136.07,37490.31,REP028,Partner
O01081,CUST0078,Enterprise,LATAM,Q1,2025,31,1026.55,31823.05,REP022,Direct
O01082,CUST0015,API Credits,APAC,Q2,2023,41,1976.56,81038.96,REP024,Direct
O01083,CUST0277,Add-on AI,LATAM,Q1,2023,37,1635.25,60504.25,REP028,Direct
O01084,CUST0004,Add-on Analytics,LATAM,Q2,2023,42,2077.42,87251.64,REP023,Direct
O01085,CUST0113,Add-on Analytics,EMEA,Q1,2023,30,1486.03,44580.9,REP019,Partner
O01086,CUST0115,Starter,LATAM,Q4,2025,39,2238.99,87320.61,REP022,Online
O01087,CUST0023,Add-on Analytics,LATAM,Q4,2023,16,1798.93,28782.88,REP011,Inside Sales
O01088,CUST0098,Starter,APAC,Q4,2025,47,2169.33,101958.51,REP023,Inside Sales
O01089,CUST0052,Enterprise,EMEA,Q1,2024,29,628.51,18226.79,REP004,Online
O01090,CUST0163,Add-on Analytics,NA,Q3,2024,41,154.63,6339.83,REP012,Partner
O01091,CUST0114,Add-on AI,APAC,Q1,2025,31,1563.77,48476.87,REP023,Online
O01092,CUST0261,Add-on AI,EMEA,Q3,2023,20,950.73,19014.6,REP004,Direct
O01093,CUST0027,API Credits,NA,Q3,2023,20,2225.02,44500.4,REP025,Partner
O01094,CUST0102,Add-on Analytics,LATAM,Q2,2025,21,2134.54,44825.34,REP004,Online
O01095,CUST0020,Add-on AI,LATAM,Q4,2025,39,232.89,9082.71,REP029,Inside Sales
O01096,CUST0073,Enterprise,APAC,Q4,2025,4,2190.59,8762.36,REP026,Online
O01097,CUST0211,Add-on Analytics,APAC,Q3,2024,33,765.21,25251.93,REP001,Partner
O01098,CUST0012,Pro Plan,LATAM,Q4,2025,28,2386.76,66829.28,REP007,Partner
O01099,CUST0260,API Credits,EMEA,Q3,2024,14,1908.04,26712.56,REP028,Direct
O01100,CUST0083,Add-on AI,EMEA,Q3,2025,32,946.83,30298.56,REP022,Inside Sales
O01101,CUST0287,API Credits,EMEA,Q2,2023,33,1014.08,33464.64,REP023,Direct
O01102,CUST0189,API Credits,APAC,Q2,2025,6,862.0,5172.0,REP021,Partner
O01103,CUST0193,API Credits,APAC,Q2,2023,12,785.21,9422.52,REP003,Online
O01104,CUST0200,Pro Plan,LATAM,Q3,2025,16,1478.54,23656.64,REP030,Partner
O01105,CUST0131,Add-on Analytics,EMEA,Q3,2024,25,2124.07,53101.75,REP024,Direct
O01106,CUST0279,Starter,NA,Q3,2025,41,1452.14,59537.74,REP030,Inside Sales
O01107,CUST0033,Add-on Analytics,NA,Q3,2025,40,331.52,13260.8,REP011,Direct
O01108,CUST0049,Add-on Analytics,NA,Q2,2023,5,1308.37,6541.85,REP021,Online
O01109,CUST0141,API Credits,LATAM,Q1,2023,49,784.64,38447.36,REP013,Direct
O01110,CUST0231,Starter,NA,Q3,2025,14,1750.29,24504.06,REP024,Partner
O01111,CUST0124,Enterprise,NA,Q2,2025,26,757.11,19684.86,REP026,Partner
O01112,CUST0016,Add-on AI,LATAM,Q4,2025,23,2424.65,55766.95,REP023,Partner
O01113,CUST0232,Add-on Analytics,NA,Q1,2025,13,1068.26,13887.38,REP020,Inside Sales
O01114,CUST0001,Enterprise,APAC,Q4,2024,28,2383.74,66744.72,REP024,Inside Sales
O01115,CUST0017,Enterprise,EMEA,Q2,2024,12,2037.7,24452.4,REP005,Partner
O01116,CUST0038,Enterprise,LATAM,Q3,2025,38,1383.33,52566.54,REP014,Partner
O01117,CUST0009,Pro Plan,LATAM,Q4,2024,23,1562.13,35928.99,REP028,Inside Sales
O01118,CUST0142,Add-on Analytics,NA,Q1,2024,10,1607.38,16073.8,REP009,Online
O01119,CUST0180,Pro Plan,LATAM,Q1,2025,11,567.66,6244.26,REP010,Inside Sales
O01120,CUST0193,Pro Plan,NA,Q3,2024,20,393.28,7865.6,REP018,Inside Sales
O01121,CUST0112,Pro Plan,APAC,Q2,2024,49,364.19,17845.31,REP024,Inside Sales
O01122,CUST0094,Add-on Analytics,LATAM,Q3,2024,38,1906.94,72463.72,REP013,Online
O01123,CUST0111,Add-on AI,APAC,Q1,2024,39,160.2,6247.8,REP001,Partner
O01124,CUST0107,Starter,APAC,Q3,2024,5,1835.09,9175.45,REP030,Online
O01125,CUST0275,Enterprise,NA,Q4,2024,10,492.39,4923.9,REP010,Inside Sales
O01126,CUST0185,Starter,LATAM,Q2,2023,5,669.09,3345.45,REP024,Direct
O01127,CUST0102,Enterprise,APAC,Q3,2025,31,766.41,23758.71,REP003,Direct
O01128,CUST0265,Add-on Analytics,APAC,Q3,2025,38,1172.07,44538.66,REP007,Direct
O01129,CUST0299,Starter,APAC,Q2,2025,1,759.31,759.31,REP008,Inside Sales
O01130,CUST0264,Enterprise,NA,Q4,2025,28,1091.07,30549.96,REP023,Online
O01131,CUST0275,Add-on Analytics,EMEA,Q1,2023,7,1821.56,12750.92,REP003,Online
O01132,CUST0034,Starter,EMEA,Q2,2025,6,845.2,5071.2,REP014,Inside Sales
O01133,CUST0008,Add-on Analytics,NA,Q4,2023,41,304.52,12485.32,REP018,Inside Sales
O01134,CUST0269,Starter,LATAM,Q1,2023,40,1694.9,67796.0,REP010,Partner
O01135,CUST0281,API Credits,NA,Q3,2024,4,1046.04,4184.16,REP005,Inside Sales
O01136,CUST0135,Enterprise,EMEA,Q2,2023,47,226.65,10652.55,REP001,Inside Sales
O01137,CUST0095,Add-on AI,LATAM,Q1,2023,12,528.33,6339.96,REP028,Online
O01138,CUST0071,Enterprise,APAC,Q3,2025,2,1704.44,3408.88,REP024,Direct
O01139,CUST0210,Add-on Analytics,NA,Q1,2024,10,116.91,1169.1,REP004,Online
O01140,CUST0290,Enterprise,NA,Q1,2024,21,1859.41,39047.61,REP004,Inside Sales
O01141,CUST0266,Enterprise,EMEA,Q4,2023,14,2129.57,29813.98,REP005,Partner
O01142,CUST0119,Add-on AI,EMEA,Q3,2023,3,2478.47,7435.41,REP006,Partner
O01143,CUST0015,Pro Plan,NA,Q1,2024,25,392.6,9815.0,REP028,Direct
O01144,CUST0108,Enterprise,NA,Q1,2023,17,1358.75,23098.75,REP007,Partner
O01145,CUST0060,Enterprise,EMEA,Q2,2024,12,1316.71,15800.52,REP008,Online
O01146,CUST0065,Enterprise,APAC,Q3,2024,44,744.11,32740.84,REP006,Inside Sales
O01147,CUST0003,Enterprise,APAC,Q3,2024,40,1134.66,45386.4,REP019,Inside Sales
O01148,CUST0028,API Credits,APAC,Q4,2023,18,475.98,8567.64,REP008,Inside Sales
O01149,CUST0125,Starter,APAC,Q4,2025,43,1210.21,52039.03,REP006,Inside Sales
O01150,CUST0048,Starter,EMEA,Q2,2024,26,2095.36,54479.36,REP013,Inside Sales
O01151,CUST0137,Add-on Analytics,LATAM,Q3,2024,37,2125.3,78636.1,REP006,Online
O01152,CUST0214,Add-on Analytics,APAC,Q2,2025,33,198.42,6547.86,REP004,Online
O01153,CUST0298,API Credits,APAC,Q4,2024,15,660.57,9908.55,REP006,Online
O01154,CUST0163,API Credits,EMEA,Q4,2024,49,1014.83,49726.67,REP011,Partner
O01155,CUST0296,Add-on AI,APAC,Q4,2023,49,1602.79,78536.71,REP024,Partner
O01156,CUST0199,Add-on Analytics,EMEA,Q2,2024,13,2199.7,28596.1,REP010,Direct
O01157,CUST0235,API Credits,LATAM,Q3,2024,6,433.8,2602.8,REP007,Partner
O01158,CUST0147,Add-on Analytics,APAC,Q3,2024,14,2353.46,32948.44,REP017,Inside Sales
O01159,CUST0052,Add-on Analytics,EMEA,Q2,2025,37,114.03,4219.11,REP010,Inside Sales
O01160,CUST0280,API Credits,NA,Q2,2025,39,1892.52,73808.28,REP014,Direct
O01161,CUST0043,Pro Plan,LATAM,Q3,2023,44,2368.53,104215.32,REP029,Partner
O01162,CUST0255,Enterprise,LATAM,Q4,2023,2,649.87,1299.74,REP005,Inside Sales
O01163,CUST0003,Pro Plan,APAC,Q1,2024,45,456.81,20556.45,REP018,Inside Sales
O01164,CUST0072,Add-on Analytics,APAC,Q4,2025,46,96.79,4452.34,REP019,Partner
O01165,CUST0204,Enterprise,APAC,Q1,2023,8,2448.66,19589.28,REP026,Inside Sales
O01166,CUST0074,API Credits,EMEA,Q4,2023,21,1623.99,34103.79,REP013,Online
O01167,CUST0098,Add-on AI,NA,Q3,2024,14,2297.04,32158.56,REP015,Partner
O01168,CUST0294,Starter,NA,Q3,2023,14,1018.76,14262.64,REP022,Direct
O01169,CUST0197,API Credits,APAC,Q2,2025,27,1771.16,47821.32,REP019,Inside Sales
O01170,CUST0014,Add-on Analytics,EMEA,Q1,2025,27,1156.17,31216.59,REP007,Online
O01171,CUST0200,Pro Plan,EMEA,Q2,2025,8,130.51,1044.08,REP012,Direct
O01172,CUST0291,Add-on AI,APAC,Q1,2024,50,1810.12,90506.0,REP024,Direct
O01173,CUST0140,Enterprise,LATAM,Q1,2023,15,617.48,9262.2,REP030,Inside Sales
O01174,CUST0141,Add-on AI,NA,Q4,2025,14,2394.64,33524.96,REP010,Direct
O01175,CUST0037,Add-on Analytics,LATAM,Q3,2023,47,202.09,9498.23,REP020,Partner
O01176,CUST0047,Pro Plan,LATAM,Q1,2023,17,2276.34,38697.78,REP001,Online
O01177,CUST0083,Pro Plan,EMEA,Q1,2023,4,2128.63,8514.52,REP017,Inside Sales
O01178,CUST0017,API Credits,NA,Q4,2023,26,2294.15,59647.9,REP029,Direct
O01179,CUST0103,Starter,APAC,Q2,2024,10,348.89,3488.9,REP010,Online
O01180,CUST0039,Add-on Analytics,NA,Q2,2023,14,832.17,11650.38,REP023,Inside Sales
O01181,CUST0279,Add-on Analytics,NA,Q1,2024,38,294.24,11181.12,REP003,Online
O01182,CUST0254,Pro Plan,EMEA,Q4,2023,45,2215.21,99684.45,REP029,Partner
O01183,CUST0009,Enterprise,APAC,Q1,2025,44,808.12,35557.28,REP029,Inside Sales
O01184,CUST0046,Starter,NA,Q1,2023,34,1411.33,47985.22,REP004,Partner
O01185,CUST0249,API Credits,NA,Q4,2025,20,826.93,16538.6,REP025,Partner
O01186,CUST0195,Starter,LATAM,Q4,2024,33,952.83,31443.39,REP007,Direct
O01187,CUST0256,Starter,NA,Q2,2025,6,141.9,851.4,REP022,Inside Sales
O01188,CUST0078,Pro Plan,APAC,Q1,2025,19,464.83,8831.77,REP010,Direct
O01189,CUST0172,Enterprise,APAC,Q1,2025,16,251.88,4030.08,REP002,Inside Sales
O01190,CUST0209,Add-on AI,APAC,Q4,2025,12,1001.91,12022.92,REP027,Online
O01191,CUST0255,API Credits,APAC,Q3,2023,21,479.98,10079.58,REP029,Direct
O01192,CUST0250,API Credits,NA,Q1,2023,41,940.05,38542.05,REP030,Inside Sales
O01193,CUST0184,Add-on Analytics,LATAM,Q3,2025,34,2291.51,77911.34,REP020,Online
O01194,CUST0175,Add-on Analytics,LATAM,Q2,2023,2,954.65,1909.3,REP012,Inside Sales
O01195,CUST0152,Enterprise,EMEA,Q2,2024,24,1956.83,46963.92,REP015,Direct
O01196,CUST0186,Add-on Analytics,APAC,Q4,2023,25,1040.31,26007.75,REP001,Online
O01197,CUST0022,Pro Plan,APAC,Q4,2023,31,105.26,3263.06,REP028,Online
O01198,CUST0194,Add-on AI,LATAM,Q1,2023,1,2467.73,2467.73,REP028,Partner
O01199,CUST0053,Pro Plan,NA,Q3,2023,45,1304.28,58692.6,REP021,Inside Sales
O01200,CUST0140,Pro Plan,LATAM,Q4,2025,39,194.54,7587.06,REP005,Partner
